{
    "AWSTemplateFormatVersion": "2010-09-09",
    "Description": "Service Catalog App registry blog Setup  fdp-1r56d8b1t",
    "Outputs": {
        "AppregistryProduct": {
            "Description": "ServiceCatalog Product",
            "Value": {
                "Fn::Sub": "https://${AWS::Region}.console.aws.amazon.com/servicecatalog/home?isSceuc=false&region=${AWS::Region}#products/${Productappreg}"
            }
        }
    },
    
    "Parameters": {
        "SCenduserRole": {
            "Default": "user/youruser",
            "Description": "Witch Group,Role or user [type/name] will have access to the add config item SC product",
            "Type": "String"
        }
    },
    "Resources": {
        "CopyZipsBucket": {
            "Properties": {
                "BucketEncryption": {
                    "ServerSideEncryptionConfiguration": [
                        {
                            "ServerSideEncryptionByDefault": {
                                "SSEAlgorithm": "AES256"
                            }
                        }
                    ]
                },
                "VersioningConfiguration": {
                    "Status": "Enabled"
                }
            },
            "Type": "AWS::S3::Bucket"
        },
        "CopyZipsBucketPolicy": {
            "Properties": {
                "Bucket": {
                    "Ref": "CopyZipsBucket"
                },
                "PolicyDocument": {
                    "Id": "ExamplePolicy",
                    "Statement": [
                        {
                            "Action": "s3:*",
                            "Condition": {
                                "Bool": {
                                    "aws:SecureTransport": "false"
                                }
                            },
                            "Effect": "Deny",
                            "Principal": "*",
                            "Resource": [
                                {
                                    "Fn::Sub": "arn:aws:s3:::${CopyZipsBucket}/*"
                                },
                                {
                                    "Fn::Sub": "arn:aws:s3:::${CopyZipsBucket}"
                                }
                            ],
                            "Sid": "AllowSSLRequestsOnly"
                        }
                    ],
                    "Version": "2012-10-17"
                }
            },
            "Type": "AWS::S3::BucketPolicy"
        },
        "CopyZipsFunction": {
            "Properties": {
                "Code": {
                    "ZipFile": "import json\nimport logging\nimport threading\nimport boto3\nimport cfnresponse\n\n\n\ndef copy_objects(source_bucket, dest_bucket, prefix, objects):\n    s3 = boto3.client('s3')\n    for o in objects:\n        key = prefix + o\n        copy_source = {\n            'Bucket': source_bucket,\n            'Key': key\n        }\n        print('copy_source: %s' % copy_source)\n        print('dest_bucket = %s'%dest_bucket)\n        print('key = %s' %key)\n        s3.copy_object(CopySource=copy_source, Bucket=dest_bucket,\n              Key=key)\n\n    \ndef timeout(event, context):\n    logging.error('Execution is about to time out, sending failure response to CloudFormation')\n    cfnresponse.send(event, context, cfnresponse.FAILED, {}, None)\n\ndef romanscorch(bucket):\n  \n    s3_client = boto3.client('s3')\n    object_response_paginator = s3_client.get_paginator('list_object_versions')\n    \n    delete_marker_list = []\n    version_list = []\n    \n    for object_response_itr in object_response_paginator.paginate(Bucket=bucket):\n        if 'DeleteMarkers' in object_response_itr:\n            for delete_marker in object_response_itr['DeleteMarkers']:\n                delete_marker_list.append({'Key': delete_marker['Key'], 'VersionId': delete_marker['VersionId']})\n    \n        if 'Versions' in object_response_itr:\n            for version in object_response_itr['Versions']:\n                version_list.append({'Key': version['Key'], 'VersionId': version['VersionId']})\n    \n    for i in range(0, len(delete_marker_list), 1000):\n        response = s3_client.delete_objects(\n            Bucket=bucket,\n            Delete={\n                'Objects': delete_marker_list[i:i+1000],\n                'Quiet': True\n            }\n        )\n        print(response)\n    \n    for i in range(0, len(version_list), 1000):\n        response = s3_client.delete_objects(\n            Bucket=bucket,\n            Delete={\n                'Objects': version_list[i:i+1000],\n                'Quiet': True\n            }\n        )\n        print(response)\n        \n\ndef handler(event, context):\n    print(json.dumps(event))\n    _ret = {}\n    timer = threading.Timer((context.get_remaining_time_in_millis()\n              / 1000.00) - 0.5, timeout, args=[event, context])\n    timer.start()\n    status = cfnresponse.SUCCESS\n\n    \n    try:\n        source_bucket = event['ResourceProperties']['SourceBucket']\n        dest_bucket = event['ResourceProperties']['DestBucket']\n        prefix = event['ResourceProperties']['Prefix']\n        objects = event['ResourceProperties']['Objects']\n        if event['RequestType'] == 'Delete':\n\n            romanscorch(event['ResourceProperties']['DestBucket'])\n        else:\n            copy_objects(source_bucket, dest_bucket, prefix, objects)\n    except Exception as e:\n        logging.error('Exception: %s' % e, exc_info=True)\n        status = cfnresponse.FAILED\n    finally:\n        timer.cancel()\n        cfnresponse.send(event, context, status, {}, None)\n        return _ret"
                },
                "Description": "Copies objects from a source S3 bucket to a destination",
                "Handler": "index.handler",
                "Role": {
                    "Fn::GetAtt": [
                        "CopyZipsRole",
                        "Arn"
                    ]
                },
                "Runtime": "python3.6",
                "Timeout": 240
            },
            "Type": "AWS::Lambda::Function"
        },
        "CopyZipsRole": {
            "Properties": {
                "AssumeRolePolicyDocument": {
                    "Statement": [
                        {
                            "Action": "sts:AssumeRole",
                            "Effect": "Allow",
                            "Principal": {
                                "Service": "lambda.amazonaws.com"
                            }
                        }
                    ],
                    "Version": "2012-10-17"
                },
                "ManagedPolicyArns": [
                    "arn:aws:iam::aws:policy/service-role/AWSLambdaBasicExecutionRole"
                ],
                "Path": "/",
                "Policies": [
                    {
                        "PolicyDocument": {
                            "Statement": [
                                {
                                    "Action": [
                                        "s3:PutObject",
                                        "s3:DeleteObject",
                                        "s3:DeleteObjectTagging",
                                        "s3:DeleteObjectVersion",
                                        "s3:DeleteObjectVersionTagging",
                                        "s3:Get*",
                                        "s3:List*"
                                    ],
                                    "Effect": "Allow",
                                    "Resource": [
                                        {
                                            "Fn::Sub": "arn:aws:s3:::${CopyZipsBucket}/*"
                                        },
                                        {
                                            "Fn::Sub": "arn:aws:s3:::${CopyZipsBucket}"
                                        }
                                    ]
                                }
                            ],
                            "Version": "2012-10-17"
                        },
                        "PolicyName": "copy-s3-s3"
                    }
                ]
            },
            "Type": "AWS::IAM::Role"
        },
        "Lapreg2neptuneLamba": {
            "DependsOn": [
                "CopyZipsRole"
            ],
            "Properties": {
                "Code": {
                    "ZipFile": {
                        "Fn::Join": [
                            "\n",
                            [
                                "import json",
                                "import logging",
                                "import urllib3",
                                "import threading",
                                "import boto3",
                                "import time",
                                "import random",
                                "import os",
                                "import botocore",
                                "",
                                "",
                                "",
                                "localtime = time.asctime( time.localtime(time.time()) ).replace(\"  \",\" \").replace(\" \",\"-\").replace(\":\",\"-\")",
                                "http = urllib3.PoolManager()",
                                "region = os.environ['AWS_REGION']",
                                "appr_client = boto3.client('servicecatalog-appregistry')",
                                "s3client  = boto3.client('s3', region, config=botocore.config.Config(s3={'addressing_style':'path'}))",
                                "stsclient = boto3.client('sts')",
                                "#",
                                "AccountId = stsclient.get_caller_identity()['Account']",
                                "Actlen = len(AccountId) - 4",
                                "LastFourAccountId = AccountId[Actlen:len(AccountId)]",
                                "Accountregion = f\"{region}-{LastFourAccountId}\"",
                                "logger = logging.getLogger()",
                                "def loadneptune(event):",
                                "    headers = {'Content-Type': 'application/json'}",
                                "    try:",
                                "        for e_vnt in event['curlcmd']:",
                                "            print(e_vnt['endpoint'])",
                                "            response = http.request('POST',e_vnt['endpoint'],data=e_vnt['data'],headers=headers)",
                                "            logger.debug('Status code: ' + response.reason)",
                                "            print('Status code: ' + response.reason)",
                                "    except Exception as e:",
                                "        logger.error('cfnresponse(..) failed executing requests.put(..): ' + str(e))",
                                "    ",
                                "def cfnresponse(event, context, responseStatus, responseData, physicalResourceId=None, noEcho=False):    ",
                                "    responseBody = {}",
                                "    responseBody['Status'] = responseStatus",
                                "    responseBody['Reason'] = 'See the details in CloudWatch Log Stream: ' + context.log_stream_name",
                                "    responseBody['PhysicalResourceId'] = physicalResourceId or context.log_stream_name",
                                "    responseBody['StackId'] = event['StackId']",
                                "    responseBody['RequestId'] = event['RequestId']",
                                "    responseBody['LogicalResourceId'] = event['LogicalResourceId']",
                                "    responseBody['NoEcho'] = noEcho",
                                "    responseBody['Data'] = responseData",
                                "    json_responseBody = json.dumps(responseBody)    ",
                                "    headers = {'content-type' : '','content-length' : str(len(json_responseBody))}",
                                "    try:",
                                "        response = http.request('PUT',event['ResponseURL'],body=json_responseBody.encode('utf-8'),headers=headers)",
                                "        logger.debug('Status code: ' + response.reason)",
                                "    except Exception as e:",
                                "        logger.error('cfnresponse(..) failed executing requests.put(..): ' + str(e))",
                                "def timeout(event, context):",
                                "    logging.error('Execution is about to time out, sending failure response to CloudFormation')",
                                "    cfnresponse(event, context, 'FAILED',{})",
                                "    ",
                                "def gen_surl(bucketname, keyname):",
                                "    url = s3client.generate_presigned_url(ClientMethod='get_object', Params={'Bucket': bucketname, 'Key': keyname})",
                                "    return url",
                                "",
                                "",
                                "def b_putpriv(bucket, key,  ContentType,body):",
                                "    srep = s3client.put_object( ACL='private', Body=body, Bucket=bucket, Key=key, ContentType=ContentType,)",
                                "    #print(srep)",
                                "    return srep",
                                "",
                                "def b_get_obj(bucket, bkey):",
                                "    object = s3client.get_object(Bucket=bucket, Key=bkey)",
                                "    return(object['Body'].read().decode('utf-8'))",
                                "    ",
                                "def lgetattgrp(event,attgrp):",
                                "    rep = appr_client.get_attribute_group(attributeGroup=attgrp)",
                                "    jatt={}",
                                "    try:",
                                "        jatt = json.dumps(rep['attributes'])",
                                "        #print(jatt)",
                                "    except Exception as e:",
                                "        h=1",
                                "        #print(rep['attributes'])",
                                "    out = {'id':attgrp,'name':rep['name'],'description':rep['description'],'attributes':rep['attributes']}",
                                "    return out",
                                "",
                                "def lassociatedresources(event,applicationid):",
                                "    rep = appr_client.list_associated_resources(application=applicationid)",
                                "    return rep['resources']",
                                " ",
                                "def lassocappgroup(event,applicationid):",
                                "    rep = appr_client.list_associated_attribute_groups(application=applicationid)",
                                "    return rep['attributeGroups']",
                                "    ",
                                "def lapplications(event):",
                                "    res = appr_client.list_applications()",
                                "    apps=[]",
                                "    for app in res['applications']:",
                                "        attgrp=lassocappgroup(event,app['id'])",
                                "        apresources = lassociatedresources(event,app['id'])",
                                "        ag=[]",
                                "        resources=[]",
                                "        for ap in attgrp:",
                                "            ag.append(lgetattgrp(event,ap))",
                                "            name = f\"{app['name']}-{Accountregion}\"",
                                "        apps.append({'id':app['id'],'name':name,'description':app['description'],'attributeGroups':ag,'resources':apresources})",
                                "    return {'applications':apps}",
                                "def l_mkneptunecsv(event,apregjson):",
                                "    o_app='\"~id\",name,description,~label\\n'",
                                "    o_appgroup ='\"~id\",name,description,~label\\n'",
                                "    o_attb ='\"~id\",name,~label\\n'",
                                "    o_c_attb ='\"~id\",~label,~from,~to\\n'",
                                "    o_cbine = '\"~id\",~label,~from,~to\\n'",
                                "    NeptuneClusterRole = event['ResourceProperties']['iamRoleArn'] ",
                                "    bucket = event['ResourceProperties']['bucket']",
                                "    prefix = event['ResourceProperties']['Prefix']",
                                "    appId=1",
                                "    atb_count=1",
                                "    Accountregionk = Accountregion.replace('-','')",
                                "    Atgrpid= len(apregjson['applications']) +1",
                                "    for app in apregjson['applications']:",
                                "        o_app += f\"{app['id']},{app['name']},{app['description']},Application\\n\"",
                                "        for attribgroup in app['attributeGroups']:",
                                "            o_appgroup += f\"{attribgroup['id']},{attribgroup['name']},{attribgroup['description']},Attributegroups\\n\"",
                                "            o_cbine += f\"App{appId}Attg{Atgrpid},Attgroup,{app['id']},{attribgroup['id']}\\n\"",
                                "            if 'attributes' in attribgroup:",
                                "                ajson = attribgroup['attributes'].replace('AWS::','').replace('{','').replace('}','').replace('[','').replace(']','').replace('\"','').split(',')",
                                "                ",
                                "                for _at in ajson:",
                                "                    _at = _at.replace('\\n','') ",
                                "                    _at = _at.replace(' ','')",
                                "                    atbkey = f'{Accountregionk}{atb_count}'",
                                "                    o_attb += f\"{atbkey},{_at},Attributes\\n\"",
                                "                    o_c_attb += f\"{atbkey},Jattributes,{attribgroup['id']},{atbkey}\\n\"",
                                "                    atb_count = atb_count +1",
                                "            Atgrpid = Atgrpid+1",
                                "        appId = appId+1",
                                "    Applicationkey             = f'{prefix}Application.csv'",
                                "    Attgroupkey                = f'{prefix}Attgroup.csv'",
                                "    ApplicationAttgroupappskey = f'{prefix}Application_Attgroup_Application_edges.csv'",
                                "    Attribute2attributekey     = f'{prefix}Attributegroup_attribute_Attributegroup_edges.csv'",
                                "    appreg2neptuneinfokey      = f'{prefix}appregenv/appreg2neptuneinfokey.json' ",
                                "    ",
                                "    _dataloadkey = f'{prefix}outloadme.sh'",
                                "    _justfile = _dataloadkey.split('/')[2]",
                                "    Attbkey = f'{prefix}Attributes.csv' ",
                                "    b_putpriv(bucket, Applicationkey,  'text/text',o_app)",
                                "    b_putpriv(bucket, Attgroupkey,  'text/text',o_appgroup)",
                                "    b_putpriv(bucket, ApplicationAttgroupappskey,  'text/text',o_cbine)",
                                "    b_putpriv(bucket, Attbkey,  'text/text',o_attb)",
                                "    b_putpriv(bucket, Attribute2attributekey,  'text/text',o_c_attb)",
                                "    mes = f'{Applicationkey},{Attgroupkey},{ApplicationAttgroupappskey} created in {bucket}'",
                                "    neplkey= f'{prefix}neptune_load.sh'",
                                "    region = os.environ['AWS_REGION']",
                                "    _curldata = []",
                                "    ",
                                "    j_Attbkeyload = {'endpoint':'https://'+event['ResourceProperties']['endpoint']+':8182/loader','data':{'source' : 's3://'+bucket+'/'+Attbkey,",
                                "        'iamRoleArn' : NeptuneClusterRole,",
                                "        'format' : 'csv',",
                                "        'region' : region,",
                                "        'failOnError' : 'FALSE',",
                                "        'parallelism' : 'MEDIUM',",
                                "        'updateSingleCardinalityProperties' : 'FALSE',",
                                "        'queueRequest' : 'TRUE'}}",
                                "    _curldata.append(j_Attbkeyload)",
                                " ",
                                "    j_appload  = {'endpoint':'https://'+event['ResourceProperties']['endpoint']+':8182/loader',",
                                "        'data':{'source' : 's3://'+bucket+'/'+Applicationkey,",
                                "        'iamRoleArn' : NeptuneClusterRole,",
                                "        'format' : 'csv',",
                                "        'region' : region,",
                                "        'failOnError' : 'FALSE',",
                                "        'parallelism' : 'MEDIUM',",
                                "        'updateSingleCardinalityProperties' : 'FALSE',",
                                "        'queueRequest' : 'TRUE'}}",
                                "    _curldata.append(j_appload)",
                                "    ",
                                "    ",
                                "    j_Attgroupload   = {'endpoint':'https://'+event['ResourceProperties']['endpoint']+':8182/loader',",
                                "        'data':{'source' : 's3://'+bucket+'/'+Attgroupkey,",
                                "        'iamRoleArn' : NeptuneClusterRole,",
                                "        'format' : 'csv',",
                                "        'region' : region,",
                                "        'failOnError' : 'FALSE',",
                                "        'parallelism' : 'MEDIUM',",
                                "        'updateSingleCardinalityProperties' : 'FALSE',",
                                "        'queueRequest' : 'TRUE'}}",
                                "    _curldata.append(j_Attgroupload )   ",
                                "",
                                "    j_ApplicationAttgrload   = {'endpoint':'https://'+event['ResourceProperties']['endpoint']+':8182/loader',",
                                "        'data':{'source' : 's3://'+bucket+'/'+ApplicationAttgroupappskey,",
                                "        'iamRoleArn' : NeptuneClusterRole,",
                                "        'format' : 'csv',",
                                "        'region' : region,",
                                "        'failOnError' : 'FALSE',",
                                "        'parallelism' : 'MEDIUM',",
                                "        'updateSingleCardinalityProperties' : 'FALSE',",
                                "        'queueRequest' : 'TRUE'}}",
                                "    _curldata.append(j_ApplicationAttgrload )   ",
                                "",
                                "    j_Attgrattrbload   = {'endpoint':'https://'+event['ResourceProperties']['endpoint']+':8182/loader',",
                                "        'data':{'source' : 's3://'+bucket+'/'+Attribute2attributekey,",
                                "        'iamRoleArn' : NeptuneClusterRole,",
                                "        'format' : 'csv',",
                                "        'region' : region,",
                                "        'failOnError' : 'FALSE',",
                                "        'parallelism' : 'MEDIUM',",
                                "        'updateSingleCardinalityProperties' : 'FALSE',",
                                "        'queueRequest' : 'TRUE'}}",
                                "    _curldata.append(j_Attgrattrbload ) ",
                                "    _nepfiles = []",
                                "    _nepfile_Attbkey                    = {'region':region,'AccountId':AccountId,'bucket':bucket,'key':Attbkey,'signedurl':gen_surl(bucket,Attbkey)}",
                                "    _nepfile_Applicationkey             = {'region':region,'AccountId':AccountId,'bucket':bucket,'key':Applicationkey,'signedurl':gen_surl(bucket,Applicationkey)}",
                                "    _nepfile_Attgroupkey                = {'region':region,'AccountId':AccountId,'bucket':bucket,'key':Attgroupkey,'signedurl':gen_surl(bucket,Attgroupkey)}",
                                "    _nepfile_ApplicationAttgroupappskey = {'region':region,'AccountId':AccountId,'bucket':bucket,'key':ApplicationAttgroupappskey,'signedurl':gen_surl(bucket,ApplicationAttgroupappskey)}",
                                "    _nepfile_Attribute2attributekey     = {'region':region,'AccountId':AccountId,'bucket':bucket,'key':Attribute2attributekey,'signedurl':gen_surl(bucket,Attribute2attributekey)}",
                                "    #",
                                "    _nepfiles.append(_nepfile_Attbkey)",
                                "    _nepfiles.append(_nepfile_Applicationkey)",
                                "    _nepfiles.append(_nepfile_Attgroupkey)",
                                "    _nepfiles.append(_nepfile_ApplicationAttgroupappskey)",
                                "    _nepfiles.append(_nepfile_Attribute2attributekey)",
                                "    mes = 'Creating CSV files for neptune_load..'",
                                "    appreg2neptuneinfo=  {'mes':mes, 'curlcmd':_curldata,'appreg2neptuneinfokey':appreg2neptuneinfokey,'neptunefiles':_nepfiles}",
                                "    b_putpriv(bucket, appreg2neptuneinfokey,  'text/json',json.dumps(appreg2neptuneinfo,indent=4))",
                                "    return appreg2neptuneinfo",
                                "    ",
                                "def nloadfiles(event):",
                                "    _ret = {}",
                                "    _headers = {\"X-Amzn-Trace-Id\":\"Root=1-60f1b43d-6270e7b88f6573db5267aaa3;Sampled=0\",\"Content-Type\":\"application/json\"}",
                                "    _ep= event['ep'] ",
                                "    print(_ep)",
                                "    _data =  json.dumps(event['data'] )",
                                "    _res  = http.request('POST',_ep,headers=_headers,body=_data)",
                                "    _ret =  json.loads( _res.data.decode('utf-8') ) ",
                                "    return _ret    ",
                                "def l_stack_res(stackid):",
                                "    client = boto3.client('cloudformation')",
                                "    s_dec = client.list_stack_resources(StackName=stackid)",
                                "    buf=[]",
                                "    for l  in s_dec['StackResourceSummaries']:",
                                "        #buf = buf + \"%s-%s-%s\\n\" % (l['LogicalResourceId'],l['ResourceType'],l['PhysicalResourceId'])",
                                "        if l['PhysicalResourceId'].find('$LATEST') < 0:",
                                "            buf.append(l['ResourceType'])",
                                "        buf = list(dict.fromkeys(buf))",
                                "    return buf   ",
                                "def chk_for_resource_attgroup(apregjson):",
                                "    _buf=''",
                                "    _ret={}",
                                "    eapp = {}",
                                "    for app in apregjson['applications']:",
                                "        #chk for resource",
                                "        #return app",
                                "        for _resource in app['resources']:",
                                "            #found a resource check for attrbgroup",
                                "            _found = 0",
                                "            for attgrp in app['attributeGroups']:",
                                "                _stakattgrp = f\"STACK_{_resource['name']}\"",
                                "                if attgrp['name'] == _stakattgrp:",
                                "                    _found =1",
                                "            _buf += f\"{_resource['name']} has {_found} attributeGroup\\n\"",
                                "            if _found == 0:",
                                "                _ret=l_stack_res(_resource['name'])",
                                "                if len(_ret) > 0 :",
                                "                    eapp = {'application':app['id'],'name':_stakattgrp,'attributegroup':_stakattgrp,'description':_stakattgrp+' Description','attributes':_ret}",
                                "                    cr_attributegroup(eapp)",
                                "                    asso_attributegroup(eapp)",
                                "                    ",
                                "",
                                "    print(_buf)",
                                "    return eapp",
                                "    ",
                                "def cr_attributegroup(eapp):",
                                "    rand = random.randint(130, 2400)",
                                "    attributes = json.dumps(eapp['attributes'])",
                                "    clientToken = f'ctok{rand}'",
                                "    response = appr_client.create_attribute_group(name=eapp['name'],description=eapp['description'], attributes=attributes,clientToken=clientToken",
                                ")",
                                "def asso_attributegroup(eapp):",
                                "    rand = random.randint(130, 2400)",
                                "    response = appr_client.associate_attribute_group(application=eapp['application'],attributeGroup=eapp['attributegroup'])",
                                "    return response",
                                "def handler(event, context):",
                                "    #return Accountregion",
                                "    print(json.dumps(event))",
                                "    _ret={}",
                                "    #return lapplications(event)",
                                "    _ret['Message']='Creating CSV files for neptune_load..'",
                                "    _ret['spoketemplate']=''",
                                "    _ret['message'] = 'Creating CSV files for neptune_load..'",
                                "    _ret['WebInterface'] = event['ResourceProperties']['WebInterface']",
                                "    timer = threading.Timer((context.get_remaining_time_in_millis() / 1000.00) - 0.5, timeout, args=[event, context])",
                                "    timer.start()  ",
                                "    status = 'SUCCESS'",
                                "",
                                "    try:",
                                "        if event['RequestType'] == 'Create':",
                                "                apregjson = lapplications(event)",
                                "",
                                "                chk_for_resource_attgroup(apregjson)",
                                "                time.sleep(4)",
                                "                apregjson = lapplications(event)",
                                "                _rret = l_mkneptunecsv(event,apregjson)",
                                "                _ret['Message']=_rret['mes']",
                                "                #_ret['neptunefiles'] = _rret['neptunefiles']",
                                "                #_ret['curl'] = _rret['curlcmd']",
                                "                _levent = {'ep':event['ResourceProperties']['apigwload'],'data':_rret['neptunefiles'] }",
                                "                _ret['lresults'] = nloadfiles(_levent)",
                                "",
                                "    except Exception as e:",
                                "        logging.error('Exception: %s' % e, exc_info=True)",
                                "        status = 'FAILED'",
                                "    finally:",
                                "        timer.cancel()",
                                "        print(json.dumps(_ret)) ",
                                "        ",
                                "        cfnresponse(event, context, status,_ret)",
                                "        return _ret"
                            ]
                        ]
                    }
                },
                "Description": "spoke account neptuneloader",
                "Handler": "index.handler",
                "Role": {
                    "Fn::GetAtt": [
                        "Lapreg2neptuneRole",
                        "Arn"
                    ]
                },
                "Runtime": "python3.6",
                "Timeout": 300
            },
            "Type": "AWS::Lambda::Function"
        },
        "Lapreg2neptuneRole": {
            "Properties": {
                "AssumeRolePolicyDocument": {
                    "Statement": [
                        {
                            "Action": "sts:AssumeRole",
                            "Effect": "Allow",
                            "Principal": {
                                "Service": "lambda.amazonaws.com"
                            }
                        }
                    ],
                    "Version": "2012-10-17"
                },
                "ManagedPolicyArns": [
                    "arn:aws:iam::aws:policy/service-role/AWSLambdaBasicExecutionRole",
                    "arn:aws:iam::aws:policy/service-role/AWSLambdaENIManagementAccess"
                ],
                "Path": "/",
                "Policies": [
                    {
                        "PolicyDocument": {
                            "Statement": [
                                {
                                    "Action": [
                                        "cloudformation:ListStackResources"
                                    ],
                                    "Effect": "Allow",
                                    "Resource": [
                                        {
                                            "Fn::Sub": "arn:aws:cloudformation:${AWS::Region}:${AWS::AccountId}:stack/*"
                                        }
                                    ]
                                },
                                {
                                    "Action": [
                                        "rds:DescribeDBInstances"
                                    ],
                                    "Effect": "Allow",
                                    "Resource": [
                                        {
                                            "Fn::Sub": "arn:aws:rds:${AWS::Region}:${AWS::AccountId}:db:neptune*"
                                        }
                                    ]
                                },
                                {
                                    "Action": [
                                        "servicecatalog:Associate*",
                                        "servicecatalog:Create*",
                                        "servicecatalog:Delete*",
                                        "servicecatalog:Disassociate*",
                                        "servicecatalog:DisassociateResource",
                                        "servicecatalog:Get*",
                                        "servicecatalog:List*",
                                        "servicecatalog:Scan*",
                                        "servicecatalog:Search*"
                                    ],
                                    "Effect": "Allow",
                                    "Resource": "*",
                                    "Sid": "VisualEditor0"
                                },
                                {
                                    "Action": [
                                        "s3:PutObject",
                                        "s3:DeleteObject",
                                        "s3:Get*",
                                        "s3:List*"
                                    ],
                                    "Effect": "Allow",
                                    "Resource": [
                                        {
                                            "Fn::Sub": "arn:aws:s3:::${CopyZipsBucket}/*"
                                        },
                                        {
                                            "Fn::Sub": "arn:aws:s3:::${CopyZipsBucket}"
                                        }
                                    ]
                                },
                                {
                                    "Action": "logs:CreateLogGroup",
                                    "Effect": "Allow",
                                    "Resource": {
                                        "Fn::Sub": "arn:aws:logs:${AWS::Region}:${AWS::AccountId}:*"
                                    }
                                },
                                {
                                    "Action": [
                                        "logs:CreateLogStream",
                                        "logs:PutLogEvents"
                                    ],
                                    "Effect": "Allow",
                                    "Resource": [
                                        {
                                            "Fn::Sub": "arn:aws:logs:${AWS::Region}:${AWS::AccountId}:log-group:/aws/lambda/*:*"
                                        }
                                    ]
                                },
                                {
                                    "Action": [
                                        "s3:PutObject",
                                        "s3:DeleteObject",
                                        "s3:Get*",
                                        "s3:List*"
                                    ],
                                    "Effect": "Allow",
                                    "Resource": [
                                        {
                                            "Fn::Sub": "arn:aws:s3:::${CopyZipsBucket}/*"
                                        },
                                        {
                                            "Fn::Sub": "arn:aws:s3:::${CopyZipsBucket}"
                                        }
                                    ]
                                }
                            ],
                            "Version": "2012-10-17"
                        },
                        "PolicyName": "copy-s3-s3"
                    }
                ]
            },
            "Type": "AWS::IAM::Role"
        },
        "ParCopyZipsBucket": {
            "Properties": {
                "Description": "comprehend LambdaZipsBucket",
                "Name": "/appreg/CopyZipsBucket",
                "Type": "String",
                "Value": {
                    "Ref": "CopyZipsBucket"
                }
            },
            "Type": "AWS::SSM::Parameter"
        },
        "ParLapreg2neptuneLamba": {
            "Properties": {
                "Description": "Lapreg2neptune function arn",
                "Name": "/appreg/Lapreg2neptune",
                "Type": "String",
                "Value": {
                    "Fn::GetAtt": [
                        "Lapreg2neptuneLamba",
                        "Arn"
                    ]
                }
            },
            "Type": "AWS::SSM::Parameter"
        },
        "PortfolioAssocEnduserRole": {
            "Properties": {
                "PortfolioId": {
                    "Ref": "Portfolioappreg"
                },
                "PrincipalARN": {
                    "Fn::Sub": "arn:aws:iam::${AWS::AccountId}:${SCenduserRole}"
                },
                "PrincipalType": "IAM"
            },
            "Type": "AWS::ServiceCatalog::PortfolioPrincipalAssociation"
        },
        "Portfolioappreg": {
            "Properties": {
                "AcceptLanguage": "en",
                "Description": "AWS MP Sample CT AppRegistry portfolio",
                "DisplayName": "SC CT AppRegistry",
                "ProviderName": "AWS MP"
            },
            "Type": "AWS::ServiceCatalog::Portfolio"
        },
        "ProdAssociateCTcomprehend": {
            "DependsOn": [
                "Portfolioappreg",
                "Productappreg"
            ],
            "Properties": {
                "AcceptLanguage": "en",
                "PortfolioId": {
                    "Ref": "Portfolioappreg"
                },
                "ProductId": {
                    "Ref": "Productappreg"
                }
            },
            "Type": "AWS::ServiceCatalog::PortfolioProductAssociation"
        },
        "Productappreg": {
            "Properties": {
                "AcceptLanguage": "en",
                "Description": "SCproduct AppRegistry ",
                "Distributor": "AWS MP Team",
                "Name": "SCappregistry",
                "Owner": "MP Team",
                "ProvisioningArtifactParameters": [
                    {
                        "Description": "v1.0",
                        "Info": {
                            "LoadTemplateFromURL": {
                                "Fn::Sub": "https://${CopyZipsBucket}.s3.amazonaws.com/content/appreg/scappregistry_product_spoke.json"
                            }
                        },
                        "Name": "v1.0"
                    }
                ],
                "SupportDescription": "Support Description",
                "SupportEmail": "awsmp@example.com",
                "SupportUrl": "https://support.com"
            },
            "Type": "AWS::ServiceCatalog::CloudFormationProduct"
        }
    }
}