{
    "AWSTemplateFormatVersion": "2010-09-09",
    "Description": "Service Catalog app reg update product (fdp-1r56d8b18)",
    "Outputs":
    {
        "Spoketemplate":
        {
            "Value":
            {
                "Fn::GetAtt":
                [
                    "Lapreg2neptuneRun",
                    "spoketemplate"
                ]
            }
        },
        "WebInterface":
        {
            "Value":
            {
                "Fn::GetAtt":
                [
                    "Lapreg2neptuneRun",
                    "WebInterface"
                ]
            }
        },
        "message":
        {
            "Description": "Message from lambda",
            "Value":
            {
                "Fn::GetAtt":
                [
                    "Lapreg2neptuneRun",
                    "message"
                ]
            }
        }
    },
"Parameters": {
      "Action": {
         "AllowedValues": [
            "update",
            "hardupdate"
         ],
         "Default": "update",
         "Description": "Actions for appreg",
         "Type": "String"
      }
       
   },
   "Resources": {
      "Lapreg2neptuneRun": {
         "Properties": {
            "Prefix": "content/appreg/",
            "ServiceToken": "{{resolve:ssm:/appreg/Lapreg2neptune:1}}",
            "action": {
               "Ref": "Action"
            },
            "bucket": "{{resolve:ssm:/appreg/CopyZipsBucket:1}}",
            "endpoint": "{{resolve:ssm:/appreg/dbendpoint:1}}",
            "iamRoleArn": "{{resolve:ssm:/appreg/NeptuneClusterRole:1}}",
            "apigwload": "{{resolve:ssm:/appreg/apigload:1}}"
         },
         "Type": "Custom::Lapreg2neptuneRun"
      } 
      
   }
}