{
    "AWSTemplateFormatVersion": "2010-09-09",
    "Description": "Service Catalog App registry blog Setup  fdp-1r56d8b1t",
    "Outputs":
    {
        "AppregistryProduct": {
            "Description": "ServiceCatalog Product",
            "Value": {
                "Fn::Sub": "https://${AWS::Region}.console.aws.amazon.com/servicecatalog/home?isSceuc=false&region=${AWS::Region}#products/${Productappreg}"
            }
        },
         
         
       
        "WebInterface":
        {
            "Value":
            {
                "Fn::Sub": "https://${CopyZipsBucket}.s3.amazonaws.com/content/appreg/report/index.html"
            }
        } 
         
    },
    "Parameters":
    {
        "SCenduserRole":
        {
            "Default": "user/youruser",
            "Description": "Witch Group,Role or user [type/name] will have access to the add config item SC product",
            "Type": "String"
        },
        "SourceBucket":
        {
            "Default": "yourbucket",
            "Description": "Sourcebucket",
            "Type": "String"
        },
        "VPCID":
        {
            "Description": "VpcId",
            "Type": "AWS::EC2::VPC::Id"
        }
    },
    "Resources":
    {
        "APIGateMethodLoadfiles":
        {
            "Properties":
            {
                "AuthorizationType": "NONE",
                "HttpMethod": "POST",
                "Integration":
                {
                    "IntegrationHttpMethod": "POST",
                    "IntegrationResponses":
                    [
                        {
                            "StatusCode": 200
                        }
                    ],
                    "Type": "AWS",
                    "Uri":
                    {
                        "Fn::Sub": "arn:aws:apigateway:${AWS::Region}:lambda:path/2015-03-31/functions/${CollectNLoadcsv.Arn}/invocations"
                    }
                },
                "MethodResponses":
                [
                    {
                        "StatusCode": 200
                    }
                ],
                "ResourceId":
                {
                    "Fn::GetAtt":
                    [
                        "APIGatewayLoadFiles",
                        "RootResourceId"
                    ]
                },
                "RestApiId":
                {
                    "Ref": "APIGatewayLoadFiles"
                }
            },
            "Type": "AWS::ApiGateway::Method"
        },
        "APIGateMethodPUT":
        {
            "DependsOn": "APIGateresource",
            "Properties":
            {
                "AuthorizationType": "NONE",
                "HttpMethod": "ANY",
                "Integration":
                {
                    "IntegrationHttpMethod": "POST",
                    "Type": "AWS_PROXY",
                    "Uri":
                    {
                        "Fn::Join":
                        [
                            "",
                            [
                                {
                                    "Fn::Sub": "arn:aws:apigateway:${AWS::Region}:lambda:path/2015-03-31/functions/"
                                },
                                {
                                    "Fn::GetAtt":
                                    [
                                        "LneptunewebLamba",
                                        "Arn"
                                    ]
                                },
                                "/invocations"
                            ]
                        ]
                    }
                },
                "ResourceId":
                {
                    "Ref": "APIGateresource"
                },
                "RestApiId":
                {
                    "Ref": "APIGateway"
                }
            },
            "Type": "AWS::ApiGateway::Method"
        },
        "APIGateresource":
        {
            "Properties":
            {
                "ParentId":
                {
                    "Fn::GetAtt":
                    [
                        "APIGateway",
                        "RootResourceId"
                    ]
                },
                "PathPart": "{proxy+}",
                "RestApiId":
                {
                    "Ref": "APIGateway"
                }
            },
            "Type": "AWS::ApiGateway::Resource"
        },
        "APIGateway":
        {
            "Properties":
            {
                "Description": "API Proxy for AWS Lambda function in VPC accessing Amazon Neptune",
                "Name":
                {
                    "Fn::Join":
                    [
                        "",
                        [
                            "sc-appreg",
                            {
                                "Fn::Select":
                                [
                                    1,
                                    {
                                        "Fn::Split":
                                        [
                                            "-",
                                            {
                                                "Fn::Select":
                                                [
                                                    2,
                                                    {
                                                        "Fn::Split":
                                                        [
                                                            "/",
                                                            {
                                                                "Ref": "AWS::StackId"
                                                            }
                                                        ]
                                                    }
                                                ]
                                            }
                                        ]
                                    }
                                ]
                            }
                        ]
                    ]
                }
            },
            "Type": "AWS::ApiGateway::RestApi"
        },
        "APIGatewayDeployment":
        {
            "DependsOn":
            [
                "APIGateMethodPUT"
            ],
            "Properties":
            {
                "RestApiId":
                {
                    "Ref": "APIGateway"
                },
                "StageName": "test"
            },
            "Type": "AWS::ApiGateway::Deployment"
        },
        "APIGatewayDeploymentLoadfiles":
        {
            "DependsOn":
            [
                "APIGateMethodLoadfiles"
            ],
            "Properties":
            {
                "RestApiId":
                {
                    "Ref": "APIGatewayLoadFiles"
                },
                "StageName": "loadfiles"
            },
            "Type": "AWS::ApiGateway::Deployment"
        },
        "APIGatewayLambdaPermission01":
        {
            "Properties":
            {
                "Action": "lambda:InvokeFunction",
                "FunctionName":
                {
                    "Fn::GetAtt":
                    [
                        "LneptunewebLamba",
                        "Arn"
                    ]
                },
                "Principal": "apigateway.amazonaws.com",
                "SourceArn":
                {
                    "Fn::Sub": "arn:aws:execute-api:${AWS::Region}:${AWS::AccountId}:${APIGateway}/*/*/*"
                }
            },
            "Type": "AWS::Lambda::Permission"
        },
        "APIGatewayLambdaPermissionLoadfiles":
        {
            "Properties":
            {
                "Action": "lambda:InvokeFunction",
                "FunctionName":
                {
                    "Fn::GetAtt":
                    [
                        "CollectNLoadcsv",
                        "Arn"
                    ]
                },
                "Principal": "apigateway.amazonaws.com",
                "SourceArn":
                {
                    "Fn::Sub": "arn:aws:execute-api:${AWS::Region}:${AWS::AccountId}:${APIGatewayLoadFiles}/*/POST/"
                }
            },
            "Type": "AWS::Lambda::Permission"
        },
        "APIGatewayLoadFiles":
        {
            "Properties":
            {
                "Description": "API Proxy  APIGatewayLoadFiles",
                "Name":
                {
                    "Fn::Join":
                    [
                        "",
                        [
                            "sc-lfappreg",
                            {
                                "Fn::Select":
                                [
                                    1,
                                    {
                                        "Fn::Split":
                                        [
                                            "-",
                                            {
                                                "Fn::Select":
                                                [
                                                    2,
                                                    {
                                                        "Fn::Split":
                                                        [
                                                            "/",
                                                            {
                                                                "Ref": "AWS::StackId"
                                                            }
                                                        ]
                                                    }
                                                ]
                                            }
                                        ]
                                    }
                                ]
                            }
                        ]
                    ]
                }
            },
            "Type": "AWS::ApiGateway::RestApi"
        },
        "APIGatewayStageLoadfiles":
        {
            "Properties":
            {
                "DeploymentId":
                {
                    "Ref": "APIGatewayDeploymentLoadfiles"
                },
                "Description": "Prod Stage",
                "MethodSettings":
                [
                    {
                        "DataTraceEnabled": "true",
                        "HttpMethod": "POST",
                        "MetricsEnabled": "true",
                        "ResourcePath": "/stack",
                        "ThrottlingBurstLimit": "999"
                    }
                ],
                "RestApiId":
                {
                    "Ref": "APIGatewayLoadFiles"
                },
                "StageName": "v1",
                "Variables":
                {
                    "Stack": "Prod"
                }
            },
            "Type": "AWS::ApiGateway::Stage"
        },
        "CollectNLoadcsv":
        {
            "DependsOn":
            [
                "CopyZipsRun"
            ],
            "Properties":
            {
                "Code":
                {
                    "S3Bucket":
                    {
                        "Ref": "CopyZipsBucket"
                    },
                    "S3Key":
                    {
                        "Fn::Sub": "content/appreg/l_appreg_collect_files.zip"
                    }
                },
                "Description": "collect csv file from all regions",
                "Environment":
                {
                    "Variables":
                    {
                        "CopyZipsBucket":
                        {
                            "Ref": "CopyZipsBucket"
                        },
                        "NeptuneBucket":
                        {
                            "Fn::Join":
                            [
                                "",
                                [
                                    "neptunefilesbucket",
                                    {
                                        "Fn::Select":
                                        [
                                            4,
                                            {
                                                "Fn::Split":
                                                [
                                                    "-",
                                                    {
                                                        "Fn::Select":
                                                        [
                                                            2,
                                                            {
                                                                "Fn::Split":
                                                                [
                                                                    "/",
                                                                    {
                                                                        "Ref": "AWS::StackId"
                                                                    }
                                                                ]
                                                            }
                                                        ]
                                                    }
                                                ]
                                            }
                                        ]
                                    }
                                ]
                            ]
                        }
                    }
                },
                "Handler": "lambda_function.lambda_handler",
                "Role":
                {
                    "Fn::GetAtt":
                    [
                        "CollectNLoadcsvRole",
                        "Arn"
                    ]
                },
                "Runtime": "python3.6",
                "Timeout": 300
            },
            "Type": "AWS::Lambda::Function"
        },
        "CollectNLoadcsvRole":
        {
            "Properties":
            {
                "AssumeRolePolicyDocument":
                {
                    "Statement":
                    [
                        {
                            "Action": "sts:AssumeRole",
                            "Effect": "Allow",
                            "Principal":
                            {
                                "Service": "lambda.amazonaws.com"
                            }
                        }
                    ],
                    "Version": "2012-10-17"
                },
                "ManagedPolicyArns":
                [
                    "arn:aws:iam::aws:policy/service-role/AWSLambdaBasicExecutionRole",
                    "arn:aws:iam::aws:policy/service-role/AWSLambdaENIManagementAccess"
                ],
                "Path": "/",
                "Policies":
                [
                    {
                        "PolicyDocument":
                        {
                            "Statement":
                            [
                                {
                                    "Action":
                                    [
                                        "s3:PutObject",
                                        "s3:PutObjectAcl",
                                        "s3:DeleteObject",
                                        "s3:Get*",
                                        "s3:List*"
                                    ],
                                    "Effect": "Allow",
                                    "Resource":
                                    [
                                        {
                                            "Fn::Sub": "arn:aws:s3:::${CopyZipsBucket}/*"
                                        },
                                        {
                                            "Fn::Sub": "arn:aws:s3:::${CopyZipsBucket}"
                                        },
                                        {
                                            "Fn::Join":
                                            [
                                                "",
                                                [
                                                    "arn:aws:s3:::neptunefilesbucket",
                                                    {
                                                        "Fn::Select":
                                                        [
                                                            4,
                                                            {
                                                                "Fn::Split":
                                                                [
                                                                    "-",
                                                                    {
                                                                        "Fn::Select":
                                                                        [
                                                                            2,
                                                                            {
                                                                                "Fn::Split":
                                                                                [
                                                                                    "/",
                                                                                    {
                                                                                        "Ref": "AWS::StackId"
                                                                                    }
                                                                                ]
                                                                            }
                                                                        ]
                                                                    }
                                                                ]
                                                            }
                                                        ]
                                                    },
                                                    "/*"
                                                ]
                                            ]
                                        }
                                    ]
                                }
                            ],
                            "Version": "2012-10-17"
                        },
                        "PolicyName": "loadneptunePolicy"
                    }
                ]
            },
            "Type": "AWS::IAM::Role"
        },
        "CopyZipsBucket":
        {
            "Properties":
            {
                "BucketEncryption":
                {
                    "ServerSideEncryptionConfiguration":
                    [
                        {
                            "ServerSideEncryptionByDefault":
                            {
                                "SSEAlgorithm": "AES256"
                            }
                        }
                    ]
                },
                "VersioningConfiguration":
                {
                    "Status": "Enabled"
                }
            },
            "Type": "AWS::S3::Bucket"
        },
        "CopyZipsBucketPolicy":
        {
            "Properties":
            {
                "Bucket":
                {
                    "Ref": "CopyZipsBucket"
                },
                "PolicyDocument":
                {
                    "Id": "ExamplePolicy",
                    "Statement":
                    [
                        {
                            "Action": "s3:*",
                            "Condition":
                            {
                                "Bool":
                                {
                                    "aws:SecureTransport": "false"
                                }
                            },
                            "Effect": "Deny",
                            "Principal": "*",
                            "Resource":
                            [
                                {
                                    "Fn::Sub": "arn:aws:s3:::${CopyZipsBucket}/*"
                                },
                                {
                                    "Fn::Sub": "arn:aws:s3:::${CopyZipsBucket}"
                                }
                            ],
                            "Sid": "AllowSSLRequestsOnly"
                        }
                    ],
                    "Version": "2012-10-17"
                }
            },
            "Type": "AWS::S3::BucketPolicy"
        },
        "CopyZipsFunction":
        {
            "Properties":
            {
                "Code":
                {
                    "ZipFile": "import json\nimport logging\nimport threading\nimport boto3\nimport cfnresponse\n\n\n\ndef copy_objects(source_bucket, dest_bucket, prefix, objects):\n    s3 = boto3.client('s3')\n    for o in objects:\n        key = prefix + o\n        copy_source = {\n            'Bucket': source_bucket,\n            'Key': key\n        }\n        print('copy_source: %s' % copy_source)\n        print('dest_bucket = %s'%dest_bucket)\n        print('key = %s' %key)\n        s3.copy_object(CopySource=copy_source, Bucket=dest_bucket,\n              Key=key)\n\n    \ndef timeout(event, context):\n    logging.error('Execution is about to time out, sending failure response to CloudFormation')\n    cfnresponse.send(event, context, cfnresponse.FAILED, {}, None)\n\ndef romanscorch(bucket):\n  \n    s3_client = boto3.client('s3')\n    object_response_paginator = s3_client.get_paginator('list_object_versions')\n    \n    delete_marker_list = []\n    version_list = []\n    \n    for object_response_itr in object_response_paginator.paginate(Bucket=bucket):\n        if 'DeleteMarkers' in object_response_itr:\n            for delete_marker in object_response_itr['DeleteMarkers']:\n                delete_marker_list.append({'Key': delete_marker['Key'], 'VersionId': delete_marker['VersionId']})\n    \n        if 'Versions' in object_response_itr:\n            for version in object_response_itr['Versions']:\n                version_list.append({'Key': version['Key'], 'VersionId': version['VersionId']})\n    \n    for i in range(0, len(delete_marker_list), 1000):\n        response = s3_client.delete_objects(\n            Bucket=bucket,\n            Delete={\n                'Objects': delete_marker_list[i:i+1000],\n                'Quiet': True\n            }\n        )\n        print(response)\n    \n    for i in range(0, len(version_list), 1000):\n        response = s3_client.delete_objects(\n            Bucket=bucket,\n            Delete={\n                'Objects': version_list[i:i+1000],\n                'Quiet': True\n            }\n        )\n        print(response)\n        \n\ndef handler(event, context):\n    print(json.dumps(event))\n    _ret = {}\n    timer = threading.Timer((context.get_remaining_time_in_millis()\n              / 1000.00) - 0.5, timeout, args=[event, context])\n    timer.start()\n    status = cfnresponse.SUCCESS\n\n    \n    try:\n        source_bucket = event['ResourceProperties']['SourceBucket']\n        dest_bucket = event['ResourceProperties']['DestBucket']\n        prefix = event['ResourceProperties']['Prefix']\n        objects = event['ResourceProperties']['Objects']\n        if event['RequestType'] == 'Delete':\n\n            romanscorch(event['ResourceProperties']['DestBucket'])\n        else:\n            copy_objects(source_bucket, dest_bucket, prefix, objects)\n    except Exception as e:\n        logging.error('Exception: %s' % e, exc_info=True)\n        status = cfnresponse.FAILED\n    finally:\n        timer.cancel()\n        cfnresponse.send(event, context, status, {}, None)\n        return _ret"
                },
                "Description": "Copies objects from a source S3 bucket to a destination",
                "Handler": "index.handler",
                "Role":
                {
                    "Fn::GetAtt":
                    [
                        "CopyZipsRole",
                        "Arn"
                    ]
                },
                "Runtime": "python3.6",
                "Timeout": 240
            },
            "Type": "AWS::Lambda::Function"
        },
        "CopyZipsRole":
        {
            "Properties":
            {
                "AssumeRolePolicyDocument":
                {
                    "Statement":
                    [
                        {
                            "Action": "sts:AssumeRole",
                            "Effect": "Allow",
                            "Principal":
                            {
                                "Service": "lambda.amazonaws.com"
                            }
                        }
                    ],
                    "Version": "2012-10-17"
                },
                "ManagedPolicyArns":
                [
                    "arn:aws:iam::aws:policy/service-role/AWSLambdaBasicExecutionRole"
                ],
                "Path": "/",
                "Policies":
                [
                    {
                        "PolicyDocument":
                        {
                            "Statement":
                            [
                                {
                                    "Action":
                                    [
                                        "s3:GetObject"
                                    ],
                                    "Effect": "Allow",
                                    "Resource":
                                    [
                                        {
                                            "Fn::Sub": "arn:aws:s3:::${SourceBucket}/*"
                                        }
                                    ]
                                },
                                {
                                    "Action":
                                    [
                                        "s3:PutObject",
                                        "s3:DeleteObject",
                                        "s3:DeleteObjectTagging",
                                        "s3:DeleteObjectVersion",
                                        "s3:DeleteObjectVersionTagging",
                                        "s3:Get*",
                                        "s3:List*"
                                    ],
                                    "Effect": "Allow",
                                    "Resource":
                                    [
                                        {
                                            "Fn::Sub": "arn:aws:s3:::${CopyZipsBucket}/*"
                                        },
                                        {
                                            "Fn::Sub": "arn:aws:s3:::${CopyZipsBucket}"
                                        }
                                    ]
                                }
                            ],
                            "Version": "2012-10-17"
                        },
                        "PolicyName": "copy-s3-s3"
                    }
                ]
            },
            "Type": "AWS::IAM::Role"
        },
        "CopyZipsRun":
        {
            "Properties":
            {
                "DestBucket":
                {
                    "Ref": "CopyZipsBucket"
                },
                "Objects":
                [
                    "l_appreg2neptune.zip",
                    "l_configureweb.zip",
                    "l_appreg_collect_files.zip",
                    "l_appreg_load_neptune.zip",
                    "l_loadneptune.zip",
                    "l_neptune.zip",
                    "l_neptuneprep.zip",
                    "l_scappregmgt.zip",
                    "report/images/servicecatalog.svg",
                    "report/index.html",
                    "report/input.html",
                    "report/top.html",
                    "report/vis-network.min.css",
                    "report/vis.js",
                    "report/visreport.html",
                    "report/visualization-error.html",
                    "scappregistry_product.json",
                    "scappregistry_setup_base_spoke.json"
                ],
                "Prefix": "content/appreg/",
                "ServiceToken":
                {
                    "Fn::GetAtt":
                    [
                        "CopyZipsFunction",
                        "Arn"
                    ]
                },
                "SourceBucket":
                {
                    "Ref": "SourceBucket"
                }
            },
            "Type": "Custom::CopyZipsRun"
        },
        "Lapreg2neptuneLamba":
        {
            "DependsOn":
            [
                "CopyZipsRun",
                "Lgetneptuneinfo"
            ],
            "Properties":
            {
                "Code":
                {
                    "S3Bucket":
                    {
                        "Ref": "CopyZipsBucket"
                    },
                    "S3Key":
                    {
                        "Fn::Sub": "content/appreg/l_appreg2neptune.zip"
                    }
                },
                "Description": "appreg 2 neptune",
                "Handler": "lambda_function.lambda_handler",
                "Role":
                {
                    "Fn::GetAtt":
                    [
                        "Lapreg2neptuneRole",
                        "Arn"
                    ]
                },
                "Runtime": "python3.7",
                "Timeout": 300
            },
            "Type": "AWS::Lambda::Function"
        },
        "Lapreg2neptuneRole":
        {
            "Properties":
            {
                "AssumeRolePolicyDocument":
                {
                    "Statement":
                    [
                        {
                            "Action": "sts:AssumeRole",
                            "Effect": "Allow",
                            "Principal":
                            {
                                "Service": "lambda.amazonaws.com"
                            }
                        }
                    ],
                    "Version": "2012-10-17"
                },
                "ManagedPolicyArns":
                [
                    "arn:aws:iam::aws:policy/service-role/AWSLambdaBasicExecutionRole",
                    "arn:aws:iam::aws:policy/service-role/AWSLambdaENIManagementAccess"
                ],
                "Path": "/",
                "Policies":
                [
                    {
                        "PolicyDocument":
                        {
                            "Statement":
                            [
                                {
                                    "Action":
                                    [
                                        "cloudformation:ListStackResources"
                                    ],
                                    "Resource":
                                    [
                                        {
                                            "Fn::Sub": "arn:aws:cloudformation:${AWS::Region}:${AWS::AccountId}:stack/*"
                                        }
                                    ],
                                    "Effect": "Allow"
                                },
                                {
                                    "Action":
                                    [
                                        "rds:DescribeDBInstances"
                                    ],
                                    "Effect": "Allow",
                                    "Resource":
                                    [
                                        {
                                            "Fn::Sub": "arn:aws:rds:${AWS::Region}:${AWS::AccountId}:db:neptune*"
                                        }
                                    ]
                                },
                                {
                                    "Action":
                                    [
                                        "s3:GetObject"
                                    ],
                                    "Effect": "Allow",
                                    "Resource":
                                    [
                                        {
                                            "Fn::Sub": "arn:aws:s3:::${SourceBucket}/*"
                                        }
                                    ]
                                },
                                {
                                    "Action":
                                    [
                                        "servicecatalog:Associate*",
                                        "servicecatalog:Create*",
                                        "servicecatalog:Delete*",
                                        "servicecatalog:Disassociate*",
                                        "servicecatalog:DisassociateResource",
                                        "servicecatalog:Get*",
                                        "servicecatalog:List*",
                                        "servicecatalog:Scan*",
                                        "servicecatalog:Search*"
                                    ],
                                    "Effect": "Allow",
                                    "Resource": "*",
                                    "Sid": "VisualEditor0"
                                },
                                {
                                    "Action":
                                    [
                                        "s3:PutObject",
                                        "s3:DeleteObject",
                                        "s3:Get*",
                                        "s3:List*"
                                    ],
                                    "Effect": "Allow",
                                    "Resource":
                                    [
                                        {
                                            "Fn::Sub": "arn:aws:s3:::${CopyZipsBucket}/*"
                                        },
                                        {
                                            "Fn::Sub": "arn:aws:s3:::${CopyZipsBucket}"
                                        }
                                    ]
                                },
                                {
                                    "Action": "logs:CreateLogGroup",
                                    "Effect": "Allow",
                                    "Resource":
                                    {
                                        "Fn::Sub": "arn:aws:logs:${AWS::Region}:${AWS::AccountId}:*"
                                    }
                                },
                                {
                                    "Action":
                                    [
                                        "logs:CreateLogStream",
                                        "logs:PutLogEvents"
                                    ],
                                    "Effect": "Allow",
                                    "Resource":
                                    [
                                        {
                                            "Fn::Sub": "arn:aws:logs:${AWS::Region}:${AWS::AccountId}:log-group:/aws/lambda/*:*"
                                        }
                                    ]
                                },
                                {
                                    "Action":
                                    [
                                        "s3:PutObject",
                                        "s3:DeleteObject",
                                        "s3:Get*",
                                        "s3:List*"
                                    ],
                                    "Effect": "Allow",
                                    "Resource":
                                    [
                                        {
                                            "Fn::Sub": "arn:aws:s3:::${CopyZipsBucket}/*"
                                        },
                                        {
                                            "Fn::Sub": "arn:aws:s3:::${CopyZipsBucket}"
                                        }
                                    ]
                                }
                            ],
                            "Version": "2012-10-17"
                        },
                        "PolicyName": "copy-s3-s3"
                    }
                ]
            },
            "Type": "AWS::IAM::Role"
        },
        "Lconfigureweb":
        {
            "DependsOn":
            [
                "CopyZipsRun",
                "Lgetneptuneinfo"
            ],
            "Properties":
            {
                "Code":
                {
                    "S3Bucket":
                    {
                        "Ref": "CopyZipsBucket"
                    },
                    "S3Key":
                    {
                        "Fn::Sub": "content/appreg/l_configureweb.zip"
                    }
                },
                "Description": "Configure the web frontend",
                "Environment":
                {
                    "Variables":
                    {
                        "API_END_POINT":
                        {
                            "Fn::Sub": "https://${APIGateway}.execute-api.${AWS::Region}.amazonaws.com/test"
                        },
                        "NEPTUNE_CLUSTER_ENDPOINT":
                        {
                            "Fn::GetAtt":
                            [
                                "NeptuneInstance",
                                "Endpoint"
                            ]
                        },
                        "NEPTUNE_PORT": "8182"
                    }
                },
                "Handler": "lambda_function.lambda_handler",
                "Role":
                {
                    "Fn::GetAtt":
                    [
                        "LconfigurewebRole",
                        "Arn"
                    ]
                },
                "Runtime": "python3.6",
                "Timeout": 300
            },
            "Type": "AWS::Lambda::Function"
        },
        "LconfigurewebRole":
        {
            "Properties":
            {
                "AssumeRolePolicyDocument":
                {
                    "Statement":
                    [
                        {
                            "Action": "sts:AssumeRole",
                            "Effect": "Allow",
                            "Principal":
                            {
                                "Service": "lambda.amazonaws.com"
                            }
                        }
                    ],
                    "Version": "2012-10-17"
                },
                "ManagedPolicyArns":
                [
                    "arn:aws:iam::aws:policy/service-role/AWSLambdaBasicExecutionRole"
                ],
                "Path": "/",
                "Policies":
                [
                    {
                        "PolicyDocument":
                        {
                            "Statement":
                            [
                                {
                                    "Action":
                                    [
                                        "s3:GetObject"
                                    ],
                                    "Effect": "Allow",
                                    "Resource":
                                    [
                                        {
                                            "Fn::Sub": "arn:aws:s3:::${SourceBucket}/*"
                                        }
                                    ]
                                },
                                {
                                    "Action":
                                    [
                                        "s3:PutObject",
                                        "s3:PutObjectAcl",
                                        "s3:DeleteObject",
                                        "s3:Get*",
                                        "s3:List*"
                                    ],
                                    "Effect": "Allow",
                                    "Resource":
                                    [
                                        {
                                            "Fn::Sub": "arn:aws:s3:::${CopyZipsBucket}/*"
                                        },
                                        {
                                            "Fn::Sub": "arn:aws:s3:::${CopyZipsBucket}"
                                        }
                                    ]
                                }
                            ],
                            "Version": "2012-10-17"
                        },
                        "PolicyName": "LconfigurewebPolicy"
                    }
                ]
            },
            "Type": "AWS::IAM::Role"
        },
        "Lconfigurewebrun":
        {
            "DependsOn":
            [
                "CopyZipsRun",
                "Lgetneptuneinfo"
            ],
            "Properties":
            {
                "InitialSetup": "yes",
                "S3Bucket":
                {
                    "Ref": "CopyZipsBucket"
                },
                "ServiceToken":
                {
                    "Fn::GetAtt":
                    [
                        "Lconfigureweb",
                        "Arn"
                    ]
                },
                "req_apistage":
                {
                    "Fn::Sub": "https://${APIGateway}.execute-api.${AWS::Region}.amazonaws.com/test"
                }
            },
            "Type": "Custom::Lconfigurewebrun"
        },
        "Lgetneptuneinfo":
        {
            "DependsOn":
            [
                "CopyZipsRun",
                "NeptuneInstance"
            ],
            "Properties":
            {
                "Code":
                {
                    "S3Bucket":
                    {
                        "Ref": "CopyZipsBucket"
                    },
                    "S3Key":
                    {
                        "Fn::Sub": "content/appreg/l_neptuneprep.zip"
                    }
                },
                "Description": "get neptune network info",
                "Handler": "lambda_function.lambda_handler",
                "Role":
                {
                    "Fn::GetAtt":
                    [
                        "LgetneptuneinfoRole",
                        "Arn"
                    ]
                },
                "Runtime": "python3.7",
                "Timeout": 300
            },
            "Type": "AWS::Lambda::Function"
        },
        "LgetneptuneinfoRole":
        {
            "Properties":
            {
                "AssumeRolePolicyDocument":
                {
                    "Statement":
                    [
                        {
                            "Action": "sts:AssumeRole",
                            "Effect": "Allow",
                            "Principal":
                            {
                                "Service": "lambda.amazonaws.com"
                            }
                        }
                    ],
                    "Version": "2012-10-17"
                },
                "ManagedPolicyArns":
                [
                    "arn:aws:iam::aws:policy/service-role/AWSLambdaBasicExecutionRole"
                ],
                "Path": "/",
                "Policies":
                [
                    {
                        "PolicyDocument":
                        {
                            "Statement":
                            [
                                {
                                    "Action":
                                    [
                                        "ec2:DescribeRouteTables"
                                    ],
                                    "Effect": "Allow",
                                    "Resource": "*"
                                }
                            ],
                            "Version": "2012-10-17"
                        },
                        "PolicyName": "ec2-rt-tablemgt"
                    },
                    {
                        "PolicyDocument":
                        {
                            "Statement":
                            [
                                {
                                    "Action":
                                    [
                                        "rds:DescribeDBInstances"
                                    ],
                                    "Effect": "Allow",
                                    "Resource":
                                    {
                                        "Fn::Sub": "arn:aws:rds:${AWS::Region}:${AWS::AccountId}:db:neptuneinstance-*"
                                    },
                                    "Sid": "VisualEditor0"
                                },
                                {
                                    "Action":
                                    [
                                        "s3:PutObject",
                                        "s3:DeleteObject",
                                        "s3:Get*",
                                        "s3:List*"
                                    ],
                                    "Effect": "Allow",
                                    "Resource":
                                    [
                                        {
                                            "Fn::Sub": "arn:aws:s3:::${CopyZipsBucket}/*"
                                        },
                                        {
                                            "Fn::Sub": "arn:aws:s3:::${CopyZipsBucket}"
                                        }
                                    ]
                                },
                                {
                                    "Action": "logs:CreateLogGroup",
                                    "Effect": "Allow",
                                    "Resource":
                                    {
                                        "Fn::Sub": "arn:aws:logs:${AWS::Region}:${AWS::AccountId}:*"
                                    }
                                },
                                {
                                    "Action":
                                    [
                                        "logs:CreateLogStream",
                                        "logs:PutLogEvents"
                                    ],
                                    "Effect": "Allow",
                                    "Resource":
                                    [
                                        {
                                            "Fn::Sub": "arn:aws:logs:${AWS::Region}:${AWS::AccountId}:log-group:/aws/lambda/*:*"
                                        }
                                    ]
                                }
                            ],
                            "Version": "2012-10-17"
                        },
                        "PolicyName": "copy-sa"
                    }
                ]
            },
            "Type": "AWS::IAM::Role"
        },
        "Lgetneptuneinforun":
        {
            "DependsOn":
            [
                "CopyZipsRun"
            ],
            "Properties":
            {
                "DBInstanceIdentifier":
                {
                    "Ref": "NeptuneInstance"
                },
                "ServiceToken":
                {
                    "Fn::GetAtt":
                    [
                        "Lgetneptuneinfo",
                        "Arn"
                    ]
                },
                "VpcId":
                {
                    "Ref": "VPCID"
                },
                "action": "setup",
                "apigwep":
                {
                    "Fn::Sub": "https://${APIGateway}.execute-api.${AWS::Region}.amazonaws.com/test"
                },
                "bucket":
                {
                    "Ref": "CopyZipsBucket"
                },
                "endpoint":
                {
                    "Fn::GetAtt":
                    [
                        "NeptuneInstance",
                        "Endpoint"
                    ]
                },
                "prefix": "content/appreg/"
            },
            "Type": "Custom::Lgetneptuneinforun"
        },
        "LneptunewebLamba":
        {
            "DependsOn":
            [
                "CopyZipsRun",
                "Lgetneptuneinfo"
            ],
            "Properties":
            {
                "Code":
                {
                    "S3Bucket":
                    {
                        "Ref": "CopyZipsBucket"
                    },
                    "S3Key":
                    {
                        "Fn::Sub": "content/appreg/l_neptune.zip"
                    }
                },
                "Description": "NeptunFrontend",
                "Environment":
                {
                    "Variables":
                    {
                        "NEPTUNE_CLUSTER_ENDPOINT":
                        {
                            "Fn::GetAtt":
                            [
                                "NeptuneInstance",
                                "Endpoint"
                            ]
                        },
                        "NEPTUNE_PORT": "8182"
                    }
                },
                "Handler": "indexLambda.handler",
                "Role":
                {
                    "Fn::GetAtt":
                    [
                        "LneptunewebLambaRole",
                        "Arn"
                    ]
                },
                "Runtime": "nodejs14.x",
                "Timeout": 300,
                "VpcConfig":
                {
                    "SecurityGroupIds":
                    [
                        {
                            "Fn::GetAtt":
                            [
                                "Lgetneptuneinforun",
                                "SecurityGroupIds"
                            ]
                        }
                    ],
                    "SubnetIds":
                    [
                        {
                            "Fn::GetAtt":
                            [
                                "Lgetneptuneinforun",
                                "SubnetIds"
                            ]
                        }
                    ]
                }
            },
            "Type": "AWS::Lambda::Function"
        },
        "LneptunewebLambaRole":
        {
            "Properties":
            {
                "AssumeRolePolicyDocument":
                {
                    "Statement":
                    [
                        {
                            "Action": "sts:AssumeRole",
                            "Effect": "Allow",
                            "Principal":
                            {
                                "Service": "lambda.amazonaws.com"
                            }
                        }
                    ],
                    "Version": "2012-10-17"
                },
                "ManagedPolicyArns":
                [
                    "arn:aws:iam::aws:policy/service-role/AWSLambdaBasicExecutionRole",
                    "arn:aws:iam::aws:policy/service-role/AWSLambdaENIManagementAccess"
                ],
                "Path": "/",
                "Policies":
                [
                    {
                        "PolicyDocument":
                        {
                            "Statement":
                            [
                                {
                                    "Action":
                                    [
                                        "servicecatalog:List*",
                                        "servicecatalog:Get*",
                                        "servicecatalog:Associate*",
                                        "servicecatalog:Search*",
                                        "servicecatalog:Scan*"
                                    ],
                                    "Effect": "Allow",
                                    "Resource": "*",
                                    "Sid": "VisualEditor0"
                                },
                                {
                                    "Action": "logs:CreateLogGroup",
                                    "Effect": "Allow",
                                    "Resource":
                                    {
                                        "Fn::Sub": "arn:aws:logs:${AWS::Region}:${AWS::AccountId}:*"
                                    }
                                },
                                {
                                    "Action":
                                    [
                                        "logs:CreateLogStream",
                                        "logs:PutLogEvents"
                                    ],
                                    "Effect": "Allow",
                                    "Resource":
                                    [
                                        {
                                            "Fn::Sub": "arn:aws:logs:${AWS::Region}:${AWS::AccountId}:log-group:/aws/lambda/*:*"
                                        }
                                    ]
                                }
                            ],
                            "Version": "2012-10-17"
                        },
                        "PolicyName": "weblambasc"
                    }
                ]
            },
            "Type": "AWS::IAM::Role"
        },
        "Lscappregmgt":
        {
            "DependsOn":
            [
                "CopyZipsRun",
                "Lgetneptuneinfo"
            ],
            "Properties":
            {
                "Code":
                {
                    "S3Bucket":
                    {
                        "Ref": "CopyZipsBucket"
                    },
                    "S3Key":
                    {
                        "Fn::Sub": "content/appreg/l_scappregmgt.zip"
                    }
                },
                "Description": "populate sc AppRegistry",
                "Handler": "lambda_function.lambda_handler",
                "Role":
                {
                    "Fn::GetAtt":
                    [
                        "Lapreg2neptuneRole",
                        "Arn"
                    ]
                },
                "Runtime": "python3.7",
                "Timeout": 300
            },
            "Type": "AWS::Lambda::Function"
        },
        "NeptuneCluster":
        {
            "Properties":
            {
                "AssociatedRoles":
                [
                    {
                        "RoleArn":
                        {
                            "Fn::GetAtt":
                            [
                                "NeptuneClusterRole",
                                "Arn"
                            ]
                        }
                    }
                ],
                "Tags":
                [
                    {
                        "Key": "Name",
                        "Value":
                        {
                            "Fn::Sub": "NeptuneCluster-${AWS::StackName}"
                        }
                    },
                    {
                        "Key": "Application",
                        "Value": "scappregistry"
                    }
                ],
                "VpcSecurityGroupIds":
                [
                    {
                        "Ref": "VpcSecurityGroup"
                    }
                ]
            },
            "Type": "AWS::Neptune::DBCluster"
        },
        "NeptuneClusterRole":
        {
            "Properties":
            {
                "AssumeRolePolicyDocument":
                {
                    "Statement":
                    [
                        {
                            "Action": "sts:AssumeRole",
                            "Effect": "Allow",
                            "Principal":
                            {
                                "Service": "rds.amazonaws.com"
                            }
                        }
                    ],
                    "Version": "2012-10-17"
                },
                "Path": "/",
                "Policies":
                [
                    {
                        "PolicyDocument":
                        {
                            "Statement":
                            [
                                {
                                    "Action":
                                    [
                                        "s3:Get*",
                                        "s3:List*"
                                    ],
                                    "Effect": "Allow",
                                    "Resource":
                                    [
                                        {
                                            "Fn::Sub": "arn:aws:s3:::${CopyZipsBucket}/*"
                                        },
                                        {
                                            "Fn::Sub": "arn:aws:s3:::${CopyZipsBucket}"
                                        },
                                        {
                                            "Fn::Join":
                                            [
                                                "",
                                                [
                                                    "arn:aws:s3:::neptunefilesbucket",
                                                    {
                                                        "Fn::Select":
                                                        [
                                                            4,
                                                            {
                                                                "Fn::Split":
                                                                [
                                                                    "-",
                                                                    {
                                                                        "Fn::Select":
                                                                        [
                                                                            2,
                                                                            {
                                                                                "Fn::Split":
                                                                                [
                                                                                    "/",
                                                                                    {
                                                                                        "Ref": "AWS::StackId"
                                                                                    }
                                                                                ]
                                                                            }
                                                                        ]
                                                                    }
                                                                ]
                                                            }
                                                        ]
                                                    },
                                                    "/*"
                                                ]
                                            ]
                                        },
                                        {
                                            "Fn::Join":
                                            [
                                                "",
                                                [
                                                    "arn:aws:s3:::neptunefilesbucket",
                                                    {
                                                        "Fn::Select":
                                                        [
                                                            4,
                                                            {
                                                                "Fn::Split":
                                                                [
                                                                    "-",
                                                                    {
                                                                        "Fn::Select":
                                                                        [
                                                                            2,
                                                                            {
                                                                                "Fn::Split":
                                                                                [
                                                                                    "/",
                                                                                    {
                                                                                        "Ref": "AWS::StackId"
                                                                                    }
                                                                                ]
                                                                            }
                                                                        ]
                                                                    }
                                                                ]
                                                            }
                                                        ]
                                                    }
                                                ]
                                            ]
                                        }
                                    ]
                                }
                            ],
                            "Version": "2012-10-17"
                        },
                        "PolicyName": "neptune-2-s3"
                    }
                ]
            },
            "Type": "AWS::IAM::Role"
        },
        "NeptuneInstance":
        {
            "Properties":
            {
                "DBClusterIdentifier":
                {
                    "Ref": "NeptuneCluster"
                },
                "DBInstanceClass": "db.t3.medium"
            },
            "Type": "AWS::Neptune::DBInstance"
        },
        "ParApigload":
        {
            "Properties":
            {
                "Description": "api gw load",
                "Name": "/appreg/apigload",
                "Type": "String",
                "Value":
                {
                    "Fn::Sub": "https://${APIGatewayLoadFiles}.execute-api.${AWS::Region}.amazonaws.com/loadfiles"
                }
            },
            "Type": "AWS::SSM::Parameter"
        },
        "ParApigwep":
        {
            "Properties":
            {
                "Description": "comprehend LambdaZipsBucket",
                "Name": "/appreg/apigwep",
                "Type": "String",
                "Value":
                {
                    "Fn::Sub": "https://${APIGateway}.execute-api.${AWS::Region}.amazonaws.com/test"
                }
            },
            "Type": "AWS::SSM::Parameter"
        },
        "ParCollectNLoadcsvLamba":
        {
            "Properties":
            {
                "Description": "CollectNLoadcsv function arn",
                "Name": "/appreg/CollectNLoadcsv",
                "Type": "String",
                "Value":
                {
                    "Fn::GetAtt":
                    [
                        "CollectNLoadcsv",
                        "Arn"
                    ]
                }
            },
            "Type": "AWS::SSM::Parameter"
        },
        "ParCopyZipsBucket":
        {
            "Properties":
            {
                "Description": "comprehend LambdaZipsBucket",
                "Name": "/appreg/CopyZipsBucket",
                "Type": "String",
                "Value":
                {
                    "Ref": "CopyZipsBucket"
                }
            },
            "Type": "AWS::SSM::Parameter"
        },
        "ParLapreg2neptuneLamba":
        {
            "Properties":
            {
                "Description": "Lapreg2neptune function arn",
                "Name": "/appreg/Lapreg2neptune",
                "Type": "String",
                "Value":
                {
                    "Fn::GetAtt":
                    [
                        "Lapreg2neptuneLamba",
                        "Arn"
                    ]
                }
            },
            "Type": "AWS::SSM::Parameter"
        },
        "ParNeptuneClusterRole":
        {
            "Properties":
            {
                "Description": "NeptuneClusterRole",
                "Name": "/appreg/NeptuneClusterRole",
                "Type": "String",
                "Value":
                {
                    "Fn::GetAtt":
                    [
                        "NeptuneClusterRole",
                        "Arn"
                    ]
                }
            },
            "Type": "AWS::SSM::Parameter"
        },
        "ParNeptuneInstanceEndpoint":
        {
            "Properties":
            {
                "Description": "neptune NeptuneInstance endpoint",
                "Name": "/appreg/dbendpoint",
                "Type": "String",
                "Value":
                {
                    "Fn::GetAtt":
                    [
                        "NeptuneInstance",
                        "Endpoint"
                    ]
                }
            },
            "Type": "AWS::SSM::Parameter"
        },
        "PortfolioAssocEnduserRole":
        {
            "Properties":
            {
                "PortfolioId":
                {
                    "Ref": "Portfolioappreg"
                },
                "PrincipalARN":
                {
                    "Fn::Sub": "arn:aws:iam::${AWS::AccountId}:${SCenduserRole}"
                },
                "PrincipalType": "IAM"
            },
            "Type": "AWS::ServiceCatalog::PortfolioPrincipalAssociation"
        },
        "Portfolioappreg":
        {
            "DependsOn": "CopyZipsRun",
            "Properties":
            {
                "AcceptLanguage": "en",
                "Description": "AWS MP Sample CT AppRegistry portfolio",
                "DisplayName": "SC CT AppRegistry",
                "ProviderName": "AWS MP"
            },
            "Type": "AWS::ServiceCatalog::Portfolio"
        },
        "ProdAssociateCTcomprehend":
        {
            "DependsOn":
            [
                "Portfolioappreg",
                "Productappreg"
            ],
            "Properties":
            {
                "AcceptLanguage": "en",
                "PortfolioId":
                {
                    "Ref": "Portfolioappreg"
                },
                "ProductId":
                {
                    "Ref": "Productappreg"
                }
            },
            "Type": "AWS::ServiceCatalog::PortfolioProductAssociation"
        },
        "Productappreg":
        {
            "DependsOn":
            [
                "CopyZipsRun",
                "Lgetneptuneinforun"
            ],
            "Properties":
            {
                "AcceptLanguage": "en",
                "Description": "SCproduct AppRegistry ",
                "Distributor": "AWS MP Team",
                "Name": "SCappregistry",
                "Owner": "MP Team",
                "ProvisioningArtifactParameters":
                [
                    {
                        "Description": "v1.0",
                        "Info":
                        {
                            "LoadTemplateFromURL":
                            {
                                "Fn::Sub": "https://${CopyZipsBucket}.s3.amazonaws.com/content/appreg/scappregistry_product.json"
                            }
                        },
                        "Name": "v1.0"
                    }
                ],
                "SupportDescription": "Support Description",
                "SupportEmail": "awsmp@example.com",
                "SupportUrl": "https://support.com"
            },
            "Type": "AWS::ServiceCatalog::CloudFormationProduct"
        },
        "S3Endpoint":
        {
            "Properties":
            {
                "PolicyDocument":
                {
                    "Statement":
                    [
                        {
                            "Action":
                            [
                                "*"
                            ],
                            "Effect": "Allow",
                            "Principal": "*",
                            "Resource": "*"
                        }
                    ],
                    "Version": "2012-10-17"
                },
                "RouteTableIds":
                [
                    {
                        "Fn::GetAtt":
                        [
                            "Lgetneptuneinforun",
                            "rtable"
                        ]
                    }
                ],
                "ServiceName":
                {
                    "Fn::Sub": "com.amazonaws.${AWS::Region}.s3"
                },
                "VpcId":
                {
                    "Ref": "VPCID"
                }
            },
            "Type": "AWS::EC2::VPCEndpoint"
        },
        "SGlambda2neptune":
        {
            "Properties":
            {
                "GroupDescription": "connect to neptune",
                "SecurityGroupIngress":
                [
                    {
                        "CidrIp": "0.0.0.0/0",
                        "FromPort": 443,
                        "IpProtocol": "tcp",
                        "ToPort": 443
                    },
                    {
                        "CidrIp": "0.0.0.0/0",
                        "FromPort": 80,
                        "IpProtocol": "tcp",
                        "ToPort": 80
                    },
                    {
                        "CidrIp": "0.0.0.0/0",
                        "FromPort": 8182,
                        "IpProtocol": "tcp",
                        "ToPort": 8182
                    }
                ],
                "Tags":
                [
                    {
                        "Key": "Name",
                        "Value": "SGlambda2neptune"
                    }
                ],
                "VpcId":
                {
                    "Ref": "VPCID"
                }
            },
            "Type": "AWS::EC2::SecurityGroup"
        },
        "VpcSecurityGroup":
        {
            "Properties":
            {
                "GroupDescription": "connect to neptune",
                "SecurityGroupIngress":
                [
                    {
                        "CidrIp": "0.0.0.0/0",
                        "FromPort": 8182,
                        "IpProtocol": "tcp",
                        "ToPort": 8182
                    },
                    {
                        "FromPort": 8182,
                        "IpProtocol": "tcp",
                        "SourceSecurityGroupId":
                        {
                            "Ref": "SGlambda2neptune"
                        },
                        "ToPort": 8182
                    }
                ],
                "Tags":
                [
                    {
                        "Key": "Name",
                        "Value": "NeptuneAccess"
                    }
                ],
                "VpcId":
                {
                    "Ref": "VPCID"
                }
            },
            "Type": "AWS::EC2::SecurityGroup"
        },
        "LoadcsvIntoNeptune":
        {
            "DependsOn":
            [
                "CopyZipsRun"
            ],
            "Properties":
            {
                "Code":
                {
                    "S3Bucket":
                    {
                        "Ref": "CopyZipsBucket"
                    },
                    "S3Key":
                    {
                        "Fn::Sub": "content/appreg/l_appreg_load_neptune.zip"
                    }
                },
                "Description": "Load csv into neptune",
                "Environment":
                {
                    "Variables":
                    {
                        "API_END_POINT":
                        {
                            "Fn::Sub": "https://${APIGateway}.execute-api.${AWS::Region}.amazonaws.com/test"
                        },
                        "NeptuneBucket":
                        {
                            "Fn::Join":
                            [
                                "",
                                [
                                    "neptunefilesbucket",
                                    {
                                        "Fn::Select":
                                        [
                                            4,
                                            {
                                                "Fn::Split":
                                                [
                                                    "-",
                                                    {
                                                        "Fn::Select":
                                                        [
                                                            2,
                                                            {
                                                                "Fn::Split":
                                                                [
                                                                    "/",
                                                                    {
                                                                        "Ref": "AWS::StackId"
                                                                    }
                                                                ]
                                                            }
                                                        ]
                                                    }
                                                ]
                                            }
                                        ]
                                    }
                                ]
                            ]
                        },
                        "CopyZipsBucket":
                        {
                            "Ref": "CopyZipsBucket"
                        },
                        "NEPTUNE_CLUSTER_ENDPOINT":
                        {
                            "Fn::GetAtt":
                            [
                                "NeptuneInstance",
                                "Endpoint"
                            ]
                        },
                        "NEPTUNE_PORT": "8182",
                        "NeptuneClusterRole":
                        {
                            "Fn::GetAtt":
                            [
                                "NeptuneClusterRole",
                                "Arn"
                            ]
                        }
                    }
                },
                "Handler": "lambda_function.lambda_handler",
                "Role":
                {
                    "Fn::GetAtt":
                    [
                        "CollectNLoadcsvRole",
                        "Arn"
                    ]
                },
                "Runtime": "python3.6",
                "Timeout": 300,
                "VpcConfig":
                {
                    "SecurityGroupIds":
                    [
                        {
                            "Ref": "SGlambda2neptune"
                        }
                    ],
                    "SubnetIds":
                    [
                        {
                            "Fn::GetAtt":
                            [
                                "Lgetneptuneinforun",
                                "SubnetIds"
                            ]
                        }
                    ]
                }
            },
            "Type": "AWS::Lambda::Function"
        },
        "NeptunefilesBucketBucketPolicy":
        {
            "Properties":
            {
                "Bucket":
                {
                    "Ref": "NeptunefilesBucket"
                },
                "PolicyDocument":
                {
                    "Id": "ExamplePolicy22",
                    "Statement":
                    [
                        {
                            "Action": "s3:*",
                            "Condition":
                            {
                                "Bool":
                                {
                                    "aws:SecureTransport": "false"
                                }
                            },
                            "Effect": "Deny",
                            "Principal": "*",
                            "Resource":
                            [
                                {
                                    "Fn::Sub": "arn:aws:s3:::${NeptunefilesBucket}/*"
                                },
                                {
                                    "Fn::Sub": "arn:aws:s3:::${NeptunefilesBucket}"
                                }
                            ],
                            "Sid": "AllowSSLRequestsOnlyf"
                        }
                    ],
                    "Version": "2012-10-17"
                }
            },
            "Type": "AWS::S3::BucketPolicy"
        },
        "NeptunefilesBucket":
        {
            "DependsOn": "S3LambdaInvokePermission",
            "Type": "AWS::S3::Bucket",
            "Properties":
            {
                "BucketName":
                {
                    "Fn::Join":
                    [
                        "",
                        [
                            "neptunefilesbucket",
                            {
                                "Fn::Select":
                                [
                                    4,
                                    {
                                        "Fn::Split":
                                        [
                                            "-",
                                            {
                                                "Fn::Select":
                                                [
                                                    2,
                                                    {
                                                        "Fn::Split":
                                                        [
                                                            "/",
                                                            {
                                                                "Ref": "AWS::StackId"
                                                            }
                                                        ]
                                                    }
                                                ]
                                            }
                                        ]
                                    }
                                ]
                            }
                        ]
                    ]
                },
                "NotificationConfiguration":
                {
                    "LambdaConfigurations":
                    [
                        {
                            "Function":
                            {
                                "Fn::GetAtt":
                                [
                                    "LoadcsvIntoNeptune",
                                    "Arn"
                                ]
                            },
                            "Event": "s3:ObjectCreated:*",
                            "Filter":
                            {
                                "S3Key":
                                {
                                    "Rules":
                                    [
                                        {
                                            "Name": "prefix",
                                            "Value": "filestolaod"
                                        }
                                    ]
                                }
                            }
                        }
                    ]
                }
            }
        },
        "S3LambdaInvokePermission":
        {
            "Type": "AWS::Lambda::Permission",
            "Properties":
            {
                "FunctionName":
                {
                    "Fn::GetAtt":
                    [
                        "LoadcsvIntoNeptune",
                        "Arn"
                    ]
                },
                "Action": "lambda:InvokeFunction",
                "Principal": "s3.amazonaws.com",
                "SourceAccount":
                {
                    "Ref": "AWS::AccountId"
                },
                "SourceArn":
                {
                    "Fn::Join":
                    [
                        "",
                        [
                            "arn:aws:s3:::neptunefilesbucket",
                            {
                                "Fn::Select":
                                [
                                    4,
                                    {
                                        "Fn::Split":
                                        [
                                            "-",
                                            {
                                                "Fn::Select":
                                                [
                                                    2,
                                                    {
                                                        "Fn::Split":
                                                        [
                                                            "/",
                                                            {
                                                                "Ref": "AWS::StackId"
                                                            }
                                                        ]
                                                    }
                                                ]
                                            }
                                        ]
                                    }
                                ]
                            }
                        ]
                    ]
                }
            }
        }
    }
}