{
   "AWSTemplateFormatVersion": "2010-09-09",
   "Description": "This CloudFormation template-configures roles needed by Manage Entitlement (fdp-1r56d8b0j)",
   "Parameters": {},
   "Resources": {
      "AWSMarketplaceLicenseManagementPreview": {
         "Properties": {
            "AssumeRolePolicyDocument": {
               "Statement": [
                  {
                     "Action": [
                        "sts:AssumeRole"
                     ],
                     "Effect": "Allow",
                     "Principal": {
                        "Service": [
                           "license-management.marketplace.amazonaws.com"
                        ]
                     }
                  }
               ],
               "Version": "2012-10-17"
            },
            "Path": "/",
            "Policies": [
               {
                  "PolicyDocument": {
                     "Statement": {
                        "Action": [
                           "organizations:DescribeOrganization",
                           "license-manager:ListReceivedGrants",
                           "license-manager:ListReceivedLicenses",
                           "license-manager:ListDistributedGrants",
                           "license-manager:GetGrant",
                           "license-manager:CreateGrant",
                           "license-manager:CreateGrantVersion",
                           "license-manager:DeleteGrant",
                           "license-manager:AcceptGrant",
                           "license-manager:ActivateGrant",
                           "license-manager:DisableGrant",
                           "license-manager:CheckoutLicense",
                           "license-manager:CheckInLicense",
                           "license-manager:ExtendLicenseUsage"
                        ],
                        "Effect": "Allow",
                        "Resource": "*"
                     },
                     "Version": "2012-10-17"
                  },
                  "PolicyName": "licmgt"
               },
               {
                  "PolicyDocument": {
                     "Statement": [
                        {
                           "Action": [
                              "organizations:DescribeOrganization"
                           ],
                           "Effect": "Allow",
                           "Resource": [
                              "*"
                           ],
                           "Sid": "AllowLicenseManagerActions"
                        }
                     ],
                     "Version": "2012-10-17"
                  },
                  "PolicyName": "liciam"
               }
            ],
            "RoleName": "AWSMarketplaceLicenseManagementPreview"
         },
         "Type": "AWS::IAM::Role"
      },
      "LicenseMmanagerServiceRole": {
         "Properties": {
            "AWSServiceName": "license-manager.amazonaws.com",
            "Description": "Service linked role for License Manager."
         },
         "Type": "AWS::IAM::ServiceLinkedRole"
      }
   }
}