{
  "Description": "This CloudFormation template-creates MP EC2 Polestar)",
  "Parameters": {
    "ImageId":{
      "Type": "String",
      "Description": "MP EC2 ImageId",
      "Default":"<MP ImagId>"
    },

    "SubnetID": {
      "ConstraintDescription": "Must be an existing subnet in the selected Virtual Private Cloud.",
      "Type": "AWS::EC2::Subnet::Id",
      "Description": "Id of an existing subnet "
    },
    "KeyName": {
      "ConstraintDescription": "must be the name of an existing EC2 KeyPair.",
      "Type": "AWS::EC2::KeyPair::KeyName",
      "Description": "Name of an existing EC2 KeyPair to enable SSH access to the instances"
    },
    "SGname": {
      "Type": "AWS::EC2::SecurityGroup::Id",
      "Description": "SecurityGroup"
    }
  },
  "AWSTemplateFormatVersion": "2010-09-09",
  "Resources": {
 

    "PoleStarMPec2Server": {
      "Type": "AWS::EC2::Instance",
      "Properties": {

        "Tags": [
          {
            "Value": "screenfuzz",
            "Key": "CostCenter"
          },
          {
            "Value": {
              "Fn::Sub": "mgtentitle"
            },
            "Key": "Name"
          }
        ],
        "ImageId": {
              "Ref": "ImageId"
            },
        "KeyName": {
          "Ref": "KeyName"
        },

        "InstanceType": "t2.micro",
        "NetworkInterfaces": [
          {
            "SubnetId": {
              "Ref": "SubnetID"
            },
            "DeviceIndex": "0",
            "GroupSet": [
              {
                "Ref": "SGname"
              }
            ]
          }
        ]
      }
    }
  },
   
  "Outputs": {
 
    "PublicEc2DNSName": {
      "Description": "DNS",
      "Value": {
        "Fn::GetAtt": [
          "PoleStarMPec2Server",
          "PublicDnsName"
        ]
      }
    }
  }
}