{
   "AWSTemplateFormatVersion": "2010-09-09",
   "Description": "AWS CloudFormation Sample Template Managed Entitlements (fdp-1r56d8ata)",
   "Metadata": {
      "AWS::CloudFormation::Interface": {
         "ParameterGroups": [
            {
               "Label": {
                  "default": "Configuration Information"
               },
               "Parameters": [
                  "HoldingBucket",
                  "SCenduser" 
               
               ]
            }
         ]
      }
   },
   "Outputs": {
      "ManageEntitlementsLicManagment": {
         "Description": "Service Catalog License Management Product",
         "Value": {
            "Fn::Sub": "https://${AWS::Region}.console.aws.amazon.com/servicecatalog/home?isSceuc=false&region=${AWS::Region}#products/${SCproductmEntitlements}"
         }
      }
   },
   "Parameters": {
      "HoldingBucket": {
         "Default": "<yourbucket>",
         "Description": "Which bucket contains deployment content",
         "Type": "String"
      },
       
      "SCenduser": {
         "Default": "user/<your-user>",
         "Description": "Which enduser for the service catalog Portfolio",
         "Type": "String"
      }
   },
   "Resources": {
      "CopyZipsBucket": {
         "Properties": {
            "BucketEncryption": {
               "ServerSideEncryptionConfiguration": [
                  {
                     "ServerSideEncryptionByDefault": {
                        "SSEAlgorithm": "AES256"
                     }
                  }
               ]
            },
            "VersioningConfiguration": {
               "Status": "Enabled"
            }
         },
         "Type": "AWS::S3::Bucket"
      },
      "CopyZipsBucketPolicy": {
         "Properties": {
            "Bucket": {
               "Ref": "CopyZipsBucket"
            },
            "PolicyDocument": {
               "Id": "ExamplePolicy",
               "Statement": [
                  {
                     "Action": "s3:*",
                     "Condition": {
                        "Bool": {
                           "aws:SecureTransport": "false"
                        }
                     },
                     "Effect": "Deny",
                     "Principal": "*",
                     "Resource": [
                        {
                           "Fn::Sub": "arn:aws:s3:::${CopyZipsBucket}/*"
                        },
                        {
                           "Fn::Sub": "arn:aws:s3:::${CopyZipsBucket}"
                        }
                     ],
                     "Sid": "AllowSSLRequestsOnly"
                  }
               ],
               "Version": "2012-10-17"
            }
         },
         "Type": "AWS::S3::BucketPolicy"
      },
      "CopyZipsFunction": {
         "Properties": {
            "Code": {
               "ZipFile": "import json\nimport logging\nimport threading\nimport boto3\nimport cfnresponse\n\n\n\ndef copy_objects(source_bucket, dest_bucket, prefix, objects):\n    s3 = boto3.client('s3')\n    for o in objects:\n        key = prefix + o\n        copy_source = {\n            'Bucket': source_bucket,\n            'Key': key\n        }\n        print('copy_source: %s' % copy_source)\n        print('dest_bucket = %s'%dest_bucket)\n        print('key = %s' %key)\n        s3.copy_object(CopySource=copy_source, Bucket=dest_bucket,\n              Key=key)\n\n    \ndef timeout(event, context):\n    logging.error('Execution is about to time out, sending failure response to CloudFormation')\n    cfnresponse.send(event, context, cfnresponse.FAILED, {}, None)\n\ndef romanscorch(bucket):\n  \n    s3_client = boto3.client('s3')\n    object_response_paginator = s3_client.get_paginator('list_object_versions')\n    \n    delete_marker_list = []\n    version_list = []\n    \n    for object_response_itr in object_response_paginator.paginate(Bucket=bucket):\n        if 'DeleteMarkers' in object_response_itr:\n            for delete_marker in object_response_itr['DeleteMarkers']:\n                delete_marker_list.append({'Key': delete_marker['Key'], 'VersionId': delete_marker['VersionId']})\n    \n        if 'Versions' in object_response_itr:\n            for version in object_response_itr['Versions']:\n                version_list.append({'Key': version['Key'], 'VersionId': version['VersionId']})\n    \n    for i in range(0, len(delete_marker_list), 1000):\n        response = s3_client.delete_objects(\n            Bucket=bucket,\n            Delete={\n                'Objects': delete_marker_list[i:i+1000],\n                'Quiet': True\n            }\n        )\n        print(response)\n    \n    for i in range(0, len(version_list), 1000):\n        response = s3_client.delete_objects(\n            Bucket=bucket,\n            Delete={\n                'Objects': version_list[i:i+1000],\n                'Quiet': True\n            }\n        )\n        print(response)\n        \n\ndef handler(event, context):\n    print(json.dumps(event))\n    _ret = {}\n    timer = threading.Timer((context.get_remaining_time_in_millis()\n              / 1000.00) - 0.5, timeout, args=[event, context])\n    timer.start()\n    status = cfnresponse.SUCCESS\n\n    \n    try:\n        source_bucket = event['ResourceProperties']['SourceBucket']\n        dest_bucket = event['ResourceProperties']['DestBucket']\n        prefix = event['ResourceProperties']['Prefix']\n        objects = event['ResourceProperties']['Objects']\n        if event['RequestType'] == 'Delete':\n\n            romanscorch(event['ResourceProperties']['DestBucket'])\n        else:\n            copy_objects(source_bucket, dest_bucket, prefix, objects)\n    except Exception as e:\n        logging.error('Exception: %s' % e, exc_info=True)\n        status = cfnresponse.FAILED\n    finally:\n        timer.cancel()\n        cfnresponse.send(event, context, status, {}, None)\n        return _ret"
            },
            "Description": "Copies objects from a source S3 bucket to a destination",
            "Handler": "index.handler",
            "Role": {
               "Fn::GetAtt": [
                  "CopyZipsRole",
                  "Arn"
               ]
            },
            "Runtime": "python3.6",
            "Timeout": 240
         },
         "Type": "AWS::Lambda::Function"
      },
      "CopyZipsRole": {
         "Properties": {
            "AssumeRolePolicyDocument": {
               "Statement": [
                  {
                     "Action": "sts:AssumeRole",
                     "Effect": "Allow",
                     "Principal": {
                        "Service": "lambda.amazonaws.com"
                     }
                  }
               ],
               "Version": "2012-10-17"
            },
            "ManagedPolicyArns": [
               "arn:aws:iam::aws:policy/service-role/AWSLambdaBasicExecutionRole"
            ],
            "Path": "/",
            "Policies": [
               {
                  "PolicyDocument": {
                     "Statement": [
                        {
                           "Action": [
                              "s3:GetObject"
                           ],
                           "Effect": "Allow",
                           "Resource": [
                              {
                                 "Fn::Sub": "arn:aws:s3:::${HoldingBucket}/*"
                              }
                           ]
                        },
                        {
                           "Action": [
                              "s3:PutObject",
                              "s3:DeleteObject",
                              "s3:DeleteObjectTagging",
                              "s3:DeleteObjectVersion",
                              "s3:DeleteObjectVersionTagging",
                              "s3:Get*",
                              "s3:List*"
                           ],
                           "Effect": "Allow",
                           "Resource": [
                              {
                                 "Fn::Sub": "arn:aws:s3:::${CopyZipsBucket}/*"
                              },
                              {
                                 "Fn::Sub": "arn:aws:s3:::${CopyZipsBucket}"
                              }
                           ]
                        }
                     ],
                     "Version": "2012-10-17"
                  },
                  "PolicyName": "copy-s3-s3"
               }
            ]
         },
         "Type": "AWS::IAM::Role"
      },
      "CopyZipsRun": {
         "Properties": {
            "DestBucket": {
               "Ref": "CopyZipsBucket"
            },
            "Objects": [
               "l_manage_entitlements.zip",
               "mgtentitlement_role_setup.json",
               "sc_mgtentitlement_ec2_product.json",
               "sc_mgtentitlement_setup.json",
               "mgtentitlement_role_setup_blank.json",
               "sc_mgtentitlement_sc_product.json"
            ],
            "Prefix": "content/mgtentitlement/",
            "ServiceToken": {
               "Fn::GetAtt": [
                  "CopyZipsFunction",
                  "Arn"
               ]
            },
            "SourceBucket": {
               "Fn::Sub": "${HoldingBucket}"
            }
         },
         "Type": "Custom::CopyZipsRun"
      },
      "ProdAssociateSCproductmEntitlements": {
         "DependsOn": [
            "SCPortfolio",
            "SCproductmEntitlements"
         ],
         "Properties": {
            "AcceptLanguage": "en",
            "PortfolioId": {
               "Ref": "SCPortfolio"
            },
            "ProductId": {
               "Ref": "SCproductmEntitlements"
            }
         },
         "Type": "AWS::ServiceCatalog::PortfolioProductAssociation"
      },
      "SCPortPrincipal": {
         "Properties": {
            "AcceptLanguage": "en",
            "PortfolioId": {
               "Ref": "SCPortfolio"
            },
            "PrincipalARN": {
               "Fn::Sub": "arn:aws:iam::${AWS::AccountId}:${SCenduser}"
            },
            "PrincipalType": "IAM"
         },
         "Type": "AWS::ServiceCatalog::PortfolioPrincipalAssociation"
      },
      "SCPortfolio": {
         "Properties": {
            "AcceptLanguage": "en",
            "Description": "AWS MP Sample Portfolio",
            "DisplayName": "ManageEntitlements Lic Management",
            "ProviderName": "AWS MP"
         },
         "Type": "AWS::ServiceCatalog::Portfolio"
      },
      "SCmEntitlementsMgt": {
         "DependsOn": [
            "CopyZipsRun"
         ],
         "Properties": {
            "Code": {
               "S3Bucket": {
                  "Ref": "CopyZipsBucket"
               },
               "S3Key": {
                  "Fn::Sub": "content/mgtentitlement/l_manage_entitlements.zip"
               }
            },
            "Description": "Add mEntitlements",
            "Handler": "lambda_function.lambda_handler",
            "Role": {
               "Fn::GetAtt": [
                  "SCmEntitlementsMgtRole",
                  "Arn"
               ]
            },
            "Runtime": "python3.6",
            "Timeout": 240
         },
         "Type": "AWS::Lambda::Function"
      },
      "SCmEntitlementsMgtRole": {
         "Properties": {
            "AssumeRolePolicyDocument": {
               "Statement": [
                  {
                     "Action": "sts:AssumeRole",
                     "Effect": "Allow",
                     "Principal": {
                        "Service": "lambda.amazonaws.com"
                     }
                  }
               ],
               "Version": "2012-10-17"
            },
            "ManagedPolicyArns": [
               "arn:aws:iam::aws:policy/service-role/AWSLambdaBasicExecutionRole",
               "arn:aws:iam::aws:policy/AWSServiceCatalogAdminFullAccess"
            ],
            "Path": "/",
            "Policies": [
               {
                  "PolicyDocument": {
                     "Statement": [
                        {
                           "Action": "sts:AssumeRole",
                           "Effect": "Allow",
                           "Resource": "arn:aws:iam::*:role/AWSControlTowerExecution"
                        },
                        {
                           "Action": [
                              "organizations:DescribeOrganization",
                              "license-manager:AcceptGrant",
                              "license-manager:ActivateGrant",
                              "license-manager:CheckInLicense",
                              "license-manager:CheckoutLicense",
                              "license-manager:CreateGrant",
                              "license-manager:CreateGrantVersion",
                              "license-manager:DeleteGrant",
                              "license-manager:DisableGrant",
                              "license-manager:ExtendLicenseUsage",
                              "license-manager:GetGrant",
                              "license-manager:ListDistributedGrants",
                              "license-manager:ListReceivedGrants",
                              "license-manager:ListReceivedLicenses"
                           ],
                           "Effect": "Allow",
                           "Resource": "*"
                        },
                        {
                           "Action": [
                              "ssm:GetParameter"
                           ],
                           "Effect": "Allow",
                           "Resource": [
                              {
                                 "Fn::Sub": "arn:aws:ssm:${AWS::Region}:${AWS::AccountId}:parameter/*/*"
                              }
                           ]
                        },
                        {
                           "Action": [
                              "iam:CreateServiceLinkedRole",
                              "organizations:DescribeOrganization",
                              "organizations:ListAccounts",
                              "organizations:ListAccountsForParent",
                              "organizations:ListOrganizationalUnitsForParent",
                              "organizations:ListRoots",
                              "iam:ListRoles"
                           ],
                           "Effect": "Allow",
                           "Resource": [
                              "*"
                           ],
                           "Sid": "AllowLicenseManagerActions"
                        },
                        {
                           "Action": "logs:CreateLogGroup",
                           "Effect": "Allow",
                           "Resource": {
                              "Fn::Sub": "arn:aws:logs:${AWS::Region}:${AWS::AccountId}:*"
                           }
                        },
                        {
                           "Action": [
                              "logs:CreateLogStream",
                              "logs:PutLogEvents"
                           ],
                           "Effect": "Allow",
                           "Resource": [
                              {
                                 "Fn::Sub": "arn:aws:logs:${AWS::Region}:${AWS::AccountId}:log-group:/aws/lambda/l_manage_entitlements:*"
                              }
                           ]
                        },
                        {
                           "Action": [
                              "s3:GetObject"
                           ],
                           "Effect": "Allow",
                           "Resource": [
                              {
                                 "Fn::Sub": "arn:aws:s3:::${HoldingBucket}/*"
                              }
                           ]
                        },
                        
                        {
                           "Action": [
                              "s3:PutObject",
                              "s3:DeleteObject",
                              "s3:GetObject",
                              "s3:List*"
                           ],
                           "Effect": "Allow",
                           "Resource": [
                              {
                                 "Fn::Sub": "arn:aws:s3:::${CopyZipsBucket}/*"
                              },
                              {
                                 "Fn::Sub": "arn:aws:s3:::${CopyZipsBucket}"
                              }
                           ]
                        }
                     ],
                     "Version": "2012-10-17"
                  },
                  "PolicyName": "policyManageEntitlementsmgt"
               }
            ]
         },
         "Type": "AWS::IAM::Role"
      },
      "SCmEntitlementsMgtRun": {
         "Properties": {
            "HoldingBucket": {
               "Fn::Sub": "${CopyZipsBucket}"
            },
            
            "ServiceToken": {
               "Fn::GetAtt": [
                  "SCmEntitlementsMgt",
                  "Arn"
               ]
            },
            "action": "create_setup",
            "mgtentitlement_role": "AWSServiceRoleForAWSLicenseManagerRole"
         },
         "Type": "Custom::SCmEntitlementsMgtRun"
      },
      "SCmEntitlementsRole": {
         "Properties": {
            "Parameters": {},
            "TemplateURL": {
               "Fn::GetAtt": [
                  "SCmEntitlementsMgtRun",
                  "sc_mgtentitlement_role"
               ]
            }
         },
         "Type": "AWS::CloudFormation::Stack"
      },
      "SCproductmEntitlements": {
         "DependsOn": "SCmEntitlementsMgtRun",
         "Properties": {
            "AcceptLanguage": "en",
            "Description": "AWS MP License Management -ManageEntitlements ",
            "Distributor": "AWS MP Team",
            "Name": "AWS MP License Management -ManageEntitlements",
            "Owner": "MP Team",
            "ProvisioningArtifactParameters": [
               {
                  "Description": "v1.0",
                  "Info": {
                     "LoadTemplateFromURL": {
                        "Fn::GetAtt": [
                           "SCmEntitlementsMgtRun",
                           "sc_mentitlementsProdTemplateUrl"
                        ]
                     }
                  },
                  "Name": "v1.0"
               }
            ],
            "SupportDescription": "Support Description",
            "SupportEmail": "awsmp@example.com",
            "SupportUrl": "https://support.com"
         },
         "Type": "AWS::ServiceCatalog::CloudFormationProduct"
      }
   }
}