{
    "AWSTemplateFormatVersion": "2010-09-09",
    "Description": "AWS CloudFormation Sample Template mgtentitlement_sc (fdp-1r56d8atu )",
    "Outputs": {
        "Report": {
            "Description": "GrantsReport",
            "Value": {
                "Fn::GetAtt": [
                    "SCPoleStarMgtRun",
                    "report"
                ]
            }
        },
        "MessageFromLambda": {
            "Description": "Lambda action",
            "Value": {
                "Fn::GetAtt": [
                    "SCPoleStarMgtRun",
                    "message"
                ]
            }
        }
    },
    "Parameters": {
        "License": {
            "Type": "String",
            "Description": "Select the License to create the grant for",
            "AllowedValues": [
                "LAMP Certified by Bitnami_l-demo"
            ]
        },
        "ImageId": {
            "Type": "String",
            "Description": "MP EC2 ImageId for grant",
            "Default": ""
        },
        "RecipientAccount": {
            "Type": "String",
            "Description": "Select the account which will receive the grant. To deploy to accounts in an OrganizationalUnits select[02-Deploy_To_OrganizationalUnits]",
            "AllowedValues": [
                "01-Update_Accounts-And-Subscriptions"
            ]
        },
        "OrganizationalUnits": {
            "Type": "String",
            "Description": "Select the OrganizationalUnits whose accounts will receive the grants",
            "AllowedValues": [
                "All",
                "CloudLearn",
                "Core",
                "Custom",
                "DevSandBox",
                "MarketingQA"
            ]
        }
    },
    "Resources": {
        "SCPoleStarMgtRun": {
            "Properties": {
                "OrganizationalUnits":{"Ref":"OrganizationalUnits"},
                "HoldingBucket": "cft123a533ecc2f94913c11234-copyzipsbucket-1halnzyctw5g",
                "ReportsBucket": "cft123a533ecc2f94913c11234-copyzipsbucket-1halnzyctw5g",
                "License": {
                    "Ref": "License"
                },
                "ImageId": {
                    "Ref": "ImageId"
                },
                "RecipientAccount": {
                    "Ref": "RecipientAccount"
                },
                "ServiceToken": "{{resolve:ssm:/mentitlements/SCmEntitlementsMgt:1}}",
                "action": "create_grant",
                "mgtentitlement_role": "AWSServiceRoleForAWSLicenseManagerRole"
            },
            "Type": "Custom::SCPoleStarMgtRun"
        }
    }
}
