{
    "AWSTemplateFormatVersion": "2010-09-09",
    "Description": "AWS Control Tower Enhanced Account Factory Template v2 - fdp-1qj82dtja",
    "Metadata":
    {
        "AWS::CloudFormation::Interface":
        {
            "ParameterGroups":
            [
                {
                    "Label":
                    {
                        "default": "Account Factory"
                    },
                    "Parameters":
                    [
                        "AccountEmail",
                        "AccountName",
                        "ManagedOrganizationalUnit",
                        "SSOUserEmail",
                        "SSOUserFirstName",
                        "SSOUserLastName"
                    ]
                },
                {
                    "Label":
                    {
                        "default": "Enhancement Steps"
                    },
                    "Parameters":
                    [
                        "Step02",
                        "Step03",
                        "Step04",
                        "Step05"
                    ]
                }
            ]
        }
    },
    "Parameters":
    {
        "AccountEmail":
        {
            "AllowedPattern": "[^\\s@]+@[^\\s@]+\\.[^\\s@]+",
            "Description": "Account email, must be unique for each AWS Account.",
            "Type": "String"
        },
        "AccountName":
        {
            "AllowedPattern": ".+",
            "Description": "Account name, the new managed Account will be created with this name.",
            "Type": "String"
        },
        "ManagedOrganizationalUnit":
        {
            "AllowedValues":
            [
                "Custom (ou-j9fw-4cp1kary)",
                "DevAFF (ou-j9fw-65vcmlq2)",
                "mlgroup (ou-j9fw-73x65lj6)",
                "testou1 (ou-j9fw-7hwzmwky)",
                "keywest (ou-j9fw-byeu9tq2)",
                "devsandbox (ou-j9fw-kxt01uoh)",
                "polestar (ou-j9fw-mvxqvcgi)",
                "MarketingDEV (ou-j9fw-pdg1vkec)",
                "outestkia (ou-j9fw-uxwiixoe)",
                "AFT-OU (ou-j9fw-ypqerf1q)"
            ],
            "Description": "Managed organizational unit. The managed Account will be placed under this Organizational Unit.",
            "Type": "String"
        },
        "SSOUserEmail":
        {
            "AllowedPattern": "[^\\s@]+@[^\\s@]+\\.[^\\s@]+",
            "Description": "SSO user email. A new SSO user will be created for this email, if it does not exist. This SSO user will be associated with the new managed Account.",
            "Type": "String"
        },
        "SSOUserFirstName":
        {
            "AllowedPattern": ".+",
            "Description": "SSO user first name.",
            "Type": "String"
        },
        "SSOUserLastName":
        {
            "AllowedPattern": ".+",
            "Description": "SSO user last name.",
            "Type": "String"
        },
        "Step02":
        {
            "AllowedValues":
            [
                "SecurityHub-GuardDuty.yaml",
                "post_s3.json",
                "post_sc_portfilio.json",
                "None"
            ],
            "Default": "None",
            "Description": "This is stack will be executed as the 2nd if one is selected",
            "Type": "String"
        },
        "Step03":
        {
            "AllowedValues":
            [
                "SecurityHub-GuardDuty.yaml",
                "post_s3.json",
                "post_sc_portfilio.json",
                "None"
            ],
            "Default": "None",
            "Description": "This is stack will be executed as the 3rd if one is selected",
            "Type": "String"
        },
        "Step04":
        {
            "AllowedValues":
            [
                "SecurityHub-GuardDuty.yaml",
                "post_s3.json",
                "post_sc_portfilio.json",
                "None"
            ],
            "Default": "None",
            "Description": "This is stack will be executed as the 4th if one is selected",
            "Type": "String"
        },
        "Step05":
        {
            "AllowedValues":
            [
                "SecurityHub-GuardDuty.yaml",
                "post_s3.json",
                "None"
            ],
            "Default": "None",
            "Description": "This is stack will be executed as the 5th if one is selected",
            "Type": "String"
        }
    },
    "Resources":
    {
        "CallStepFunction":
        {
            "DependsOn": "Scaccountfactorcustom",
            "Properties":
            {
                "ServiceToken": "arn:aws:lambda:us-east-1:285047302040:function:sc_enh_acctfac_launchStepFunc12760150d3d7",
                "Step02":
                {
                    "Ref": "Step02"
                },
                "Step03":
                {
                    "Ref": "Step03"
                },
                "Step04":
                {
                    "Ref": "Step04"
                },
                "Step05":
                {
                    "Ref": "Step05"
                },
                "event_action": "start",
                "ppid":
                {
                    "Ref": "Scaccountfactorcustom"
                },
                "sfnarn": "arn:aws:states:us-east-1:285047302040:stateMachine:sc_enhaced_acct_factory_state11ed"
            },
            "Type": "Custom::CallStepFunction"
        },
        "Scaccountfactorcustom":
        {
            "Properties":
            {
                "AcceptLanguage": "en",
                "ProductId": "prod-itqvt2s6kujpi",
                "ProvisionedProductName":
                {
                    "Fn::Join":
                    [
                        "",
                        [
                            "enact",
                            {
                                "Fn::Select":
                                [
                                    6,
                                    {
                                        "Fn::Split":
                                        [
                                            "-",
                                            {
                                                "Ref": "AWS::StackId"
                                            }
                                        ]
                                    }
                                ]
                            }
                        ]
                    ]
                },

                "ProvisioningArtifactName" : "AWS Control Tower Account Factory",
                "ProvisioningParameters":
                [
                    {
                        "Key": "SSOUserEmail",
                        "Value":
                        {
                            "Ref": "SSOUserEmail"
                        }
                    },
                    {
                        "Key": "AccountEmail",
                        "Value":
                        {
                            "Ref": "AccountEmail"
                        }
                    },
                    {
                        "Key": "SSOUserFirstName",
                        "Value":
                        {
                            "Ref": "SSOUserFirstName"
                        }
                    },
                    {
                        "Key": "SSOUserLastName",
                        "Value":
                        {
                            "Ref": "SSOUserLastName"
                        }
                    },
                    {
                        "Key": "ManagedOrganizationalUnit",
                        "Value":
                        {
                            "Ref": "ManagedOrganizationalUnit"
                        }
                    },
                    {
                        "Key": "AccountName",
                        "Value":
                        {
                            "Ref": "AccountName"
                        }
                    }
                ]
            },
            "Type": "AWS::ServiceCatalog::CloudFormationProvisionedProduct"
        }
    },
    "Rules":
    {}
}