{
    "AWSTemplateFormatVersion": "2010-09-09",
    "Description": "AWS Control Tower Enhanced Account Factory Template v2",
    "Metadata":
    {
        "AWS::CloudFormation::Interface":
        {
            "ParameterGroups":
            [
                {
                    "Label":
                    {
                        "default": "Account Factory"
                    },
                    "Parameters":
                    [
                        "TargetAccount"
                    ]
                },
                {
                    "Label":
                    {
                        "default": "Enhancement Steps"
                    },
                    "Parameters":
                    [
                        "Step02",
                        "Step03",
                        "Step04",
                        "Step05"
                    ]
                }
            ]
        }
    },
    "Parameters":
    {
        "TargetAccount":
        {
            "Description": "Account name, the new managed Account will be created with this name.",
            "Type": "String"
        }
    },
    "Resources":
    {
        "CallStepFunction":
        {
            "Properties":
            {
                "ServiceToken": "wob",
                "TargetAccount":
                {
                    "Ref": "TargetAccount"
                },
                "event_action": "start",
                "ppid": "_templates_only",
                "sfnarn": "g"
            },
            "Type": "Custom::CallStepFunction"
        }
    }
}