{
    "AWSTemplateFormatVersion": "2010-09-09",
    "Description": "AWS SC EnhanceAF",
    "Outputs":{
         "sfnarn":{
            "Description":"sfnarn",
            "Value":{ "Ref": "StepFunctionSCenhAcctFact" }
        } 

    },
    "Resources": {
        "StepFunctionSCenhAcctFact": {
            "Properties": {
                "DefinitionString": {"Fn::Join": [
 "\n",
[
 "{",
 "    \"Comment\": \"SC Enhance Acct. FactControl stack deployment to CT child accounts\",",
 "    \"StartAt\": \"StackToDeploy\",",
 "    \"States\": {",
 "        \"CheckStack\": {",
 "            \"HeartbeatSeconds\": 60,",
 "            \"Next\": \"UpdateLog\",",
 "            \"Resource\": \"__CheckStack__\",",
 "            \"TimeoutSeconds\": 300,",
 "            \"Type\": \"Task\"",
 "        },",
 "        \"CREATE_COMPLETE\": {",
 "            \"Next\": \"StackToDeploy\",",
 "            \"Type\": \"Pass\"",
 "        },",
 "        \"DeployStack\": {",
 "            \"HeartbeatSeconds\": 60,",
 "            \"Next\": \"CheckStack\",",
 "            \"Resource\": \"__DeployStack__\",",
 "            \"TimeoutSeconds\": 300,",
 "            \"Type\": \"Task\"",
 "        },",
 "        \"CREATE_IN_PROGRESS\": {",
 "            \"Next\": \"Wait 1 Min\",",
 "            \"Type\": \"Pass\"",
 "        },",
 "        \"Failed\": {",
 "            \"Next\": \"StackToDeploy\",",
 "            \"Type\": \"Pass\"",
 "        },",
 "        \"Logger\": {",
 "            \"End\": true,",
 "            \"HeartbeatSeconds\": 60,",
 "            \"Resource\": \"__Logger__\",",
 "            \"TimeoutSeconds\": 300,",
 "            \"Type\": \"Task\"",
 "        },",
 "        \"No\": {",
 "            \"Next\": \"Logger\",",
 "            \"Type\": \"Pass\"",
 "        },",
 "        \"StackCompleted?\": {",
 "            \"Choices\": [",
 "                {",
 "                    \"StringEquals\": \"CREATE_COMPLETE\",",
 "                    \"Next\": \"CREATE_COMPLETE\",",
 "                    \"Variable\": \"$.stack_status\"",
 "                },",
 "                {",
 "                    \"StringEquals\": \"CREATE_IN_PROGRESS\",",
 "                    \"Next\": \"CREATE_IN_PROGRESS\",",
 "                    \"Variable\": \"$.stack_status\"",
 "                },",
 "                {",
 "                    \"StringEquals\": \"Failed\",",
 "                    \"Next\": \"Failed\",",
 "                    \"Variable\": \"$.stack_status\"",
 "                }",
 "            ],",
 "            \"Comment\": \"A Choice st, Or, and Not\",",
 "            \"Type\": \"Choice\"",
 "        },",
 "        \"StackToDeploy\": {",
 "            \"Choices\": [",
 "                {",
 "                    \"StringEquals\": \"Yes\",",
 "                    \"Next\": \"Yes\",",
 "                    \"Variable\": \"$.morestacks\"",
 "                },",
 "                {",
 "                    \"StringEquals\": \"No\",",
 "                    \"Next\": \"No\",",
 "                    \"Variable\": \"$.morestacks\"",
 "                }",
 "            ],",
 "            \"Comment\": \"A Choice st, Or, and Not\",",
 "            \"Default\": \"Yes\",",
 "            \"Type\": \"Choice\"",
 "        },",
 "        \"UpdateLog\": {",
 "            \"HeartbeatSeconds\": 60,",
 "            \"Next\": \"StackCompleted?\",",
 "            \"Resource\": \"__UpdateLog__\",",
 "            \"TimeoutSeconds\": 300,",
 "            \"Type\": \"Task\"",
 "        },",
 "        \"Wait 1 Min\": {",
 "            \"Comment\": \"A Wait state delays the state machine from continuing for a specified time.\",",
 "            \"Next\": \"CheckStack\",",
 "            \"Seconds\": 30,",
 "            \"Type\": \"Wait\"",
 "        },",
 "        \"Yes\": {",
 "            \"Next\": \"DeployStack\",",
 "            \"Type\": \"Pass\"",
 "        }",
 "    }",
 "}"
]]},
                "RoleArn": "__RoleArn__",
                "StateMachineName": {
                    "Fn::Join": [
                        "",
                        [
                            "sc_enh_acct_fact_state",
                            {
                                "Fn::Select": [
                                    5,
                                    {
                                        "Fn::Split": [
                                            "-",
                                            {
                                                "Ref": "AWS::StackId"
                                            }
                                        ]
                                    }
                                ]
                            }
                        ]
                    ]
                },
                "StateMachineType": "STANDARD"
            },
            "Type": "AWS::StepFunctions::StateMachine"
        }
    }
}