{
    "AWSTemplateFormatVersion": "2010-09-09",
    "Description": "AWS Service Catalog  Account Factory Enhanced",
    "Outputs":
    {
        "TemplateLibraryFolder":
        {
            "Description": "Upload templates to deploy here",
            "Value":
            {
                "Fn::Sub": "https://us-east-1.console.aws.amazon.com/s3/buckets/${StorageBucket}?region=${AWS::Region}&prefix=content/scenhanceaf/src/postaccount/&showversions=false"
            }
        }
    },
    "Parameters":
    {
        "AccountFactoryPortfolioId":
        {
            "Description": "AWS Control Tower Account Factory Portfolio",
            "Type": "String"
        },
        "Scproductname":
        {
            "Description": "Which prodcut whould be deployed first",
            "Type": "String"
        },
        "SourceBucket":
        {
            "Description": "bucket with config content",
            "Type": "String"
        }
    },
    "Resources":
    {
        "DynamoDB":
        {
            "Properties":
            {
                "AttributeDefinitions":
                [
                    {
                        "AttributeName": "dynamodbkey",
                        "AttributeType": "S"
                    },
                    {
                        "AttributeName": "timestamp",
                        "AttributeType": "S"
                    }
                ],
                "KeySchema":
                [
                    {
                        "AttributeName": "dynamodbkey",
                        "KeyType": "HASH"
                    },
                    {
                        "AttributeName": "timestamp",
                        "KeyType": "RANGE"
                    }
                ],
                "ProvisionedThroughput":
                {
                    "ReadCapacityUnits": "5",
                    "WriteCapacityUnits": "5"
                },
                "TableName":
                {
                    "Fn::Sub": "scenhanced-${AWS::StackName}"
                }
            },
            "Type": "AWS::DynamoDB::Table"
        },
        "EnhanceAFPortfolio":
        {
            "Properties":
            {
                "AcceptLanguage": "en",
                "Description": "Account Factory Enhanced Portfolio",
                "DisplayName": "Account Factory Enhanced",
                "ProviderName": "AWS MP"
            },
            "Type": "AWS::ServiceCatalog::Portfolio"
        },
        "EnhanceAFPortfolioPrincipalAssociation01":
        {
            "Properties":
            {
                "AcceptLanguage": "en",
                "PortfolioId":
                {
                    "Ref": "AccountFactoryPortfolioId"
                },
                "PrincipalARN":
                {
                    "Fn::GetAtt":
                    [
                        "RoleEnhanceAF",
                        "Arn"
                    ]
                },
                "PrincipalType": "IAM"
            },
            "Type": "AWS::ServiceCatalog::PortfolioPrincipalAssociation"
        },
        "EnhanceAccountFactoryProduct":
        {
            "DependsOn":
            [
                "LambdaEnhanceAFRun",
                "StepFunctionEnhanceAF"
            ],
            "Properties":
            {
                "AcceptLanguage": "en",
                "Description": "Service Catalog-Account Factory Enhanced create account and run templates v2",
                "Distributor": "AWS MP Team",
                "Name": "AccountFactoryEnhanced",
                "Owner": "MP Team",
                "ProvisioningArtifactParameters":
                [
                    {
                        "Description": "V1",
                        "Info":
                        {
                            "LoadTemplateFromURL":
                            {
                                "Fn::GetAtt":
                                [
                                    "LambdaEnhanceAFRun",
                                    "loadtemplatefromurl"
                                ]
                            }
                        },
                        "Name": "V1"
                    }
                ],
                "SupportDescription": "Support Description",
                "SupportEmail": "awsmp@example.com",
                "SupportUrl": "https://support.com"
            },
            "Type": "AWS::ServiceCatalog::CloudFormationProduct"
        },
        "EnhanceAccountFactoryProductAssociate":
        {
            "DependsOn":
            [
                "EnhanceAFPortfolio",
                "EnhanceAccountFactoryProduct"
            ],
            "Properties":
            {
                "AcceptLanguage": "en",
                "PortfolioId":
                {
                    "Ref": "EnhanceAFPortfolio"
                },
                "ProductId":
                {
                    "Ref": "EnhanceAccountFactoryProduct"
                }
            },
            "Type": "AWS::ServiceCatalog::PortfolioProductAssociation"
        },
        "EnhanceAccountFactoryProductAssociateTemplate":
        {
            "DependsOn":
            [
                "EnhanceAFPortfolio",
                "EnhanceAccountFactoryProducttemplate"
            ],
            "Properties":
            {
                "AcceptLanguage": "en",
                "PortfolioId":
                {
                    "Ref": "EnhanceAFPortfolio"
                },
                "ProductId":
                {
                    "Ref": "EnhanceAccountFactoryProducttemplate"
                }
            },
            "Type": "AWS::ServiceCatalog::PortfolioProductAssociation"
        },
        "EnhanceAccountFactoryProducttemplate":
        {
            "DependsOn":
            [
                "LambdaEnhanceAFRun02",
                "StepFunctionEnhanceAF"
            ],
            "Properties":
            {
                "AcceptLanguage": "en",
                "Description": "Service Catalog-Account Factory Enhanced Templates only NO account creation",
                "Distributor": "AWS MP Team",
                "Name": "AccountFactoryEnhancedTemplate",
                "Owner": "MP Team",
                "ProvisioningArtifactParameters":
                [
                    {
                        "Description": "templateV1",
                        "Info":
                        {
                            "LoadTemplateFromURL":
                            {
                                "Fn::GetAtt":
                                [
                                    "LambdaEnhanceAFRun02",
                                    "loadtemplatefromurltmplate"
                                ]
                            }
                        },
                        "Name": "templateV1"
                    }
                ],
                "SupportDescription": "Support Description",
                "SupportEmail": "awsmp@example.com",
                "SupportUrl": "https://support.com"
            },
            "Type": "AWS::ServiceCatalog::CloudFormationProduct"
        },
        "FuncEnhAccFacCFTcheck":
        {
            "DependsOn":
            [
                "StorageRun",
                "RolelambaSFN"
            ],
            "Properties":
            {
                "Code":
                {
                    "S3Bucket":
                    {
                        "Ref": "StorageBucket"
                    },
                    "S3Key":
                    {
                        "Fn::Sub": "content/scenhanceaf/sc_enh_acctfac_cft_check_status.zip"
                    }
                },
                "Description": "check status of cft in child accout",
                "FunctionName":
                {
                    "Fn::Join":
                    [
                        "",
                        [
                            "sc_enh_acctfac_cftcheck_",
                            {
                                "Fn::Select":
                                [
                                    6,
                                    {
                                        "Fn::Split":
                                        [
                                            "-",
                                            {
                                                "Ref": "AWS::StackId"
                                            }
                                        ]
                                    }
                                ]
                            }
                        ]
                    ]
                },
                "Handler": "lambda_function.lambda_handler",
                "MemorySize": 2048,
                "Role":
                {
                    "Fn::GetAtt":
                    [
                        "RolelambaSFN",
                        "Arn"
                    ]
                },
                "Runtime": "python3.9",
                "Timeout": 240
            },
            "Type": "AWS::Lambda::Function"
        },
        "FuncEnhAccFacCFTdeploy":
        {
            "DependsOn":
            [
                "StorageRun",
                "RolelambaSFN"
            ],
            "Properties":
            {
                "Code":
                {
                    "S3Bucket":
                    {
                        "Ref": "StorageBucket"
                    },
                    "S3Key":
                    {
                        "Fn::Sub": "content/scenhanceaf/sc_enh_acctfac_cft.zip"
                    }
                },
                "Description": "Deploy stack into child account",
                "FunctionName":
                {
                    "Fn::Join":
                    [
                        "",
                        [
                            "sc_enh_acctfac_cft_deploy_",
                            {
                                "Fn::Select":
                                [
                                    6,
                                    {
                                        "Fn::Split":
                                        [
                                            "-",
                                            {
                                                "Ref": "AWS::StackId"
                                            }
                                        ]
                                    }
                                ]
                            }
                        ]
                    ]
                },
                "Handler": "lambda_function.lambda_handler",
                "MemorySize": 2048,
                "Role":
                {
                    "Fn::GetAtt":
                    [
                        "RolelambaSFN",
                        "Arn"
                    ]
                },
                "Runtime": "python3.9",
                "Timeout": 240
            },
            "Type": "AWS::Lambda::Function"
        },
        "FuncEnhAccFacCFTupdate":
        {
            "DependsOn":
            [
                "StorageRun",
                "RolelambaSFN"
            ],
            "Properties":
            {
                "Code":
                {
                    "S3Bucket":
                    {
                        "Ref": "StorageBucket"
                    },
                    "S3Key":
                    {
                        "Fn::Sub": "content/scenhanceaf/sc_enh_acctfac_cft_check_updatelog.zip"
                    }
                },
                "Description": "update dynamo log",
                "Environment":
                {
                    "Variables":
                    {
                        "TableName":
                        {
                            "Ref": "DynamoDB"
                        }
                    }
                },
                "FunctionName":
                {
                    "Fn::Join":
                    [
                        "",
                        [
                            "sc_enh_acctfac_log_udate_",
                            {
                                "Fn::Select":
                                [
                                    6,
                                    {
                                        "Fn::Split":
                                        [
                                            "-",
                                            {
                                                "Ref": "AWS::StackId"
                                            }
                                        ]
                                    }
                                ]
                            }
                        ]
                    ]
                },
                "Handler": "lambda_function.lambda_handler",
                "MemorySize": 2048,
                "Role":
                {
                    "Fn::GetAtt":
                    [
                        "RolelambaSFN",
                        "Arn"
                    ]
                },
                "Runtime": "python3.9",
                "Timeout": 240
            },
            "Type": "AWS::Lambda::Function"
        },
        "LambdaEnhanceAF":
        {
            "DependsOn":
            [
                "StorageRun",
                "LambdaEnhanceAFSC"
            ],
            "Properties":
            {
                "Code":
                {
                    "S3Bucket":
                    {
                        "Ref": "StorageBucket"
                    },
                    "S3Key":
                    {
                        "Fn::Sub": "content/scenhanceaf/l_enhance_ct_af.zip"
                    }
                },
                "Description": "Create Enhanced Account Factory components",
                "Environment":
                {
                    "Variables":
                    {
                        "EnhanceAFfunction":
                        {
                            "Fn::GetAtt":
                            [
                                "LambdaEnhanceAFSC",
                                "Arn"
                            ]
                        },
                        "EnhanceAFfunctionRole":
                        {
                            "Fn::GetAtt":
                            [
                                "RoleEnhanceAFSC",
                                "Arn"
                            ]
                        },
                        "FuncEnhAccFacCFTcheck":
                        {
                            "Fn::GetAtt":
                            [
                                "FuncEnhAccFacCFTcheck",
                                "Arn"
                            ]
                        },
                        "FuncEnhAccFacCFTdeploy":
                        {
                            "Fn::GetAtt":
                            [
                                "FuncEnhAccFacCFTdeploy",
                                "Arn"
                            ]
                        },
                        "FuncEnhAccFacCFTupdate":
                        {
                            "Fn::GetAtt":
                            [
                                "FuncEnhAccFacCFTupdate",
                                "Arn"
                            ]
                        },
                        "LambdaEnhanceSCprodUpdate":
                        {
                            "Fn::GetAtt":
                            [
                                "LambdaEnhanceSCprodUpdate",
                                "Arn"
                            ]
                        },
                        "RoleStepFunction":
                        {
                            "Fn::GetAtt":
                            [
                                "RoleStepFunction",
                                "Arn"
                            ]
                        },
                        "S3bucket":
                        {
                            "Ref": "StorageBucket"
                        },
                        "prefix": "content/scenhanceaf/",
                        "scproductname":
                        {
                            "Ref": "Scproductname"
                        }
                    }
                },
                "FunctionName":
                {
                    "Fn::Join":
                    [
                        "",
                        [
                            "sc_enh_acctfac_create_",
                            {
                                "Fn::Select":
                                [
                                    6,
                                    {
                                        "Fn::Split":
                                        [
                                            "-",
                                            {
                                                "Ref": "AWS::StackId"
                                            }
                                        ]
                                    }
                                ]
                            }
                        ]
                    ]
                },
                "Handler": "lambda_function.lambda_handler",
                "MemorySize": 2048,
                "Role":
                {
                    "Fn::GetAtt":
                    [
                        "RoleEnhanceAF",
                        "Arn"
                    ]
                },
                "Runtime": "python3.9",
                "Timeout": 240
            },
            "Type": "AWS::Lambda::Function"
        },
        "LambdaEnhanceAFRun":
        {
            "DependsOn": "StorageRun",
            "Properties":
            {
                "ServiceToken":
                {
                    "Fn::GetAtt":
                    [
                        "LambdaEnhanceAF",
                        "Arn"
                    ]
                },
                "action": "new"
            },
            "Type": "Custom::LambdaEnhanceAFRun"
        },
        "LambdaEnhanceAFRun02":
        {
            "DependsOn":
            [
                "StorageRun"
            ],
            "Properties":
            {
                "ServiceToken":
                {
                    "Fn::GetAtt":
                    [
                        "LambdaEnhanceAF",
                        "Arn"
                    ]
                },
                "StepFunctionEnhanceAF":
                {
                    "Fn::GetAtt":
                    [
                        "StepFunctionEnhanceAF",
                        "Outputs.sfnarn"
                    ]
                },
                "action": "new"
            },
            "Type": "Custom::LambdaEnhanceAFRun02"
        },
        "LambdaEnhanceAFSC":
        {
            "DependsOn":
            [
                "StorageRun"
            ],
            "Properties":
            {
                "Code":
                {
                    "S3Bucket":
                    {
                        "Ref": "StorageBucket"
                    },
                    "S3Key":
                    {
                        "Fn::Sub": "content/scenhanceaf/sfn_enhanced_acct_factory.zip"
                    }
                },
                "Description": "Launch StepFunction from SC product",
                "Environment":
                {
                    "Variables":
                    {
                        "S3bucket":
                        {
                            "Ref": "StorageBucket"
                        },
                        "prefix": "content/scenhanceaf/",
                        "sfnarn": "yes"
                    }
                },
                "FunctionName":
                {
                    "Fn::Join":
                    [
                        "",
                        [
                            "sc_enh_acctfac_launchStepFunc",
                            {
                                "Fn::Select":
                                [
                                    6,
                                    {
                                        "Fn::Split":
                                        [
                                            "-",
                                            {
                                                "Ref": "AWS::StackId"
                                            }
                                        ]
                                    }
                                ]
                            }
                        ]
                    ]
                },
                "Handler": "lambda_function.lambda_handler",
                "MemorySize": 2048,
                "Role":
                {
                    "Fn::GetAtt":
                    [
                        "RoleEnhanceAFSC",
                        "Arn"
                    ]
                },
                "Runtime": "python3.9",
                "Timeout": 240
            },
            "Type": "AWS::Lambda::Function"
        },
        "LambdaEnhanceSCprodUpdate":
        {
            "DependsOn":
            [
                "StorageRun"
            ],
            "Properties":
            {
                "Code":
                {
                    "S3Bucket":
                    {
                        "Ref": "StorageBucket"
                    },
                    "S3Key":
                    {
                        "Fn::Sub": "content/scenhanceaf/sc_enhance_acctfact_s3update_prod.zip"
                    }
                },
                "Description": "Update SC Product based on trigger",
                "Environment":
                {
                    "Variables":
                    {
                        "Enhscproductname": "AccountFactoryEnhanced",
                        "S3bucket":
                        {
                            "Ref": "StorageBucket"
                        },
                        "prefix": "content/scenhanceaf/",
                        "scproductname":
                        {
                            "Ref": "Scproductname"
                        }
                    }
                },
                "FunctionName":
                {
                    "Fn::Join":
                    [
                        "",
                        [
                            "sc_enh_acctfac_update_sc_prod",
                            {
                                "Fn::Select":
                                [
                                    6,
                                    {
                                        "Fn::Split":
                                        [
                                            "-",
                                            {
                                                "Ref": "AWS::StackId"
                                            }
                                        ]
                                    }
                                ]
                            }
                        ]
                    ]
                },
                "Handler": "lambda_function.lambda_handler",
                "MemorySize": 2048,
                "Role":
                {
                    "Fn::GetAtt":
                    [
                        "RoleEnhanceAF",
                        "Arn"
                    ]
                },
                "Runtime": "python3.9",
                "Timeout": 240
            },
            "Type": "AWS::Lambda::Function"
        },
        "PermissionEventlscoueventsmgt":
        {
            "Properties":
            {
                "Action": "lambda:InvokeFunction",
                "FunctionName":
                {
                    "Ref": "LambdaEnhanceSCprodUpdate"
                },
                "Principal": "events.amazonaws.com",
                "SourceArn":
                {
                    "Fn::GetAtt":
                    [
                        "RuleCtEvents",
                        "Arn"
                    ]
                }
            },
            "Type": "AWS::Lambda::Permission"
        },
        "PermissionS3LambdaEnhanceAF":
        {
            "Properties":
            {
                "Action": "lambda:InvokeFunction",
                "FunctionName":
                {
                    "Ref": "LambdaEnhanceSCprodUpdate"
                },
                "Principal": "s3.amazonaws.com",
                "SourceAccount":
                {
                    "Fn::Sub": "${AWS::AccountId}"
                },
                "SourceArn":
                {
                    "Fn::Sub": "arn:aws:s3:::${StorageBucket}"
                }
            },
            "Type": "AWS::Lambda::Permission"
        },
        "RoleEnhanceAF":
        {
            "DependsOn":
            [
                "StorageBucket"
            ],
            "Properties":
            {
                "AssumeRolePolicyDocument":
                {
                    "Statement":
                    [
                        {
                            "Action": "sts:AssumeRole",
                            "Effect": "Allow",
                            "Principal":
                            {
                                "Service": "lambda.amazonaws.com"
                            }
                        }
                    ],
                    "Version": "2012-10-17"
                },
                "ManagedPolicyArns":
                [
                    "arn:aws:iam::aws:policy/service-role/AWSLambdaBasicExecutionRole",
                    "arn:aws:iam::aws:policy/AWSServiceCatalogAdminFullAccess"
                ],
                "Path": "/",
                "Policies":
                [
                    {
                        "PolicyDocument":
                        {
                            "Statement":
                            [
                                {
                                    "Action":
                                    [
                                        "s3:PutObject",
                                        "s3:DeleteObject",
                                        "s3:DeleteObjectTagging",
                                        "s3:DeleteObjectVersion",
                                        "s3:DeleteObjectVersionTagging",
                                        "s3:Get*",
                                        "s3:List*"
                                    ],
                                    "Effect": "Allow",
                                    "Resource":
                                    [
                                        {
                                            "Fn::Sub": "arn:aws:s3:::${StorageBucket}/*"
                                        },
                                        {
                                            "Fn::Sub": "arn:aws:s3:::${StorageBucket}"
                                        }
                                    ]
                                },
                                {
                                    "Action":
                                    [
                                        "dynamodb:DeleteItem",
                                        "dynamodb:CreateBackup",
                                        "dynamodb:BatchWriteItem",
                                        "dynamodb:PutItem",
                                        "dynamodb:UpdateItem",
                                        "dynamodb:UpdateTable",
                                        "dynamodb:Scan*",
                                        "dynamodb:GetItem"
                                    ],
                                    "Effect": "Allow",
                                    "Resource":
                                    {
                                        "Fn::Sub": "arn:aws:dynamodb:*:${AWS::AccountId}:table/scenhanced-${AWS::StackName}"
                                    },
                                    "Sid": "scupdatepol"
                                },
                                {
                                    "Action": "sts:AssumeRole",
                                    "Effect": "Allow",
                                    "Resource": "arn:aws:iam::*:role/AWSControlTowerExecution"
                                },
                                {
                                    "Action":
                                    [
                                        "organizations:DescribeOrganization",
                                        "organizations:DescribeOrganizationalUnit",
                                        "organizations:ListTagsForResource",
                                        "organizations:TagResource",
                                        "organizations:ListAccounts",
                                        "organizations:ListAccountsForParent",
                                        "organizations:ListOrganizationalUnitsForParent",
                                        "organizations:ListRoots",
                                        "iam:ListRoles"
                                    ],
                                    "Effect": "Allow",
                                    "Resource":
                                    [
                                        "*"
                                    ],
                                    "Sid": "AllowLicenseManagerActions"
                                }
                            ]
                        },
                        "PolicyName": "scEnhanceAF"
                    }
                ]
            },
            "Type": "AWS::IAM::Role"
        },
        "RoleEnhanceAFSC":
        {
            "DependsOn":
            [
                "StorageBucket"
            ],
            "Properties":
            {
                "AssumeRolePolicyDocument":
                {
                    "Statement":
                    [
                        {
                            "Action": "sts:AssumeRole",
                            "Effect": "Allow",
                            "Principal":
                            {
                                "Service": "lambda.amazonaws.com"
                            }
                        }
                    ],
                    "Version": "2012-10-17"
                },
                "ManagedPolicyArns":
                [
                    "arn:aws:iam::aws:policy/service-role/AWSLambdaBasicExecutionRole",
                    "arn:aws:iam::aws:policy/AWSServiceCatalogAdminFullAccess",
                    "arn:aws:iam::aws:policy/AWSStepFunctionsFullAccess"
                ],
                "Path": "/",
                "Policies":
                [
                    {
                        "PolicyDocument":
                        {
                            "Statement":
                            [
                                {
                                    "Action":
                                    [
                                        "s3:PutObject",
                                        "s3:DeleteObject",
                                        "s3:DeleteObjectTagging",
                                        "s3:DeleteObjectVersion",
                                        "s3:DeleteObjectVersionTagging",
                                        "s3:Get*",
                                        "s3:List*"
                                    ],
                                    "Effect": "Allow",
                                    "Resource":
                                    [
                                        {
                                            "Fn::Sub": "arn:aws:s3:::${StorageBucket}/*"
                                        },
                                        {
                                            "Fn::Sub": "arn:aws:s3:::${StorageBucket}"
                                        }
                                    ]
                                }
                            ]
                        },
                        "PolicyName": "scEnhanceAFsc"
                    }
                ]
            },
            "Type": "AWS::IAM::Role"
        },
        "RoleStepFunction":
        {
            "DependsOn":
            [
                "StorageBucket"
            ],
            "Properties":
            {
                "AssumeRolePolicyDocument":
                {
                    "Statement":
                    [
                        {
                            "Action": "sts:AssumeRole",
                            "Effect": "Allow",
                            "Principal":
                            {
                                "Service": "states.amazonaws.com"
                            }
                        }
                    ],
                    "Version": "2012-10-17"
                },
                "ManagedPolicyArns":
                [
                    "arn:aws:iam::aws:policy/service-role/AWSLambdaBasicExecutionRole"
                ],
                "Path": "/",
                "Policies":
                [
                    {
                        "PolicyDocument":
                        {
                            "Statement":
                            [
                                {
                                    "Action":
                                    [
                                        "xray:PutTraceSegments",
                                        "xray:PutTelemetryRecords",
                                        "xray:GetSamplingRules",
                                        "xray:GetSamplingTargets"
                                    ],
                                    "Effect": "Allow",
                                    "Resource":
                                    [
                                        "*"
                                    ]
                                },
                                {
                                    "Action":
                                    [
                                        "logs:CreateLogDelivery",
                                        "logs:GetLogDelivery",
                                        "logs:UpdateLogDelivery",
                                        "logs:ListLogDeliveries",
                                        "logs:PutResourcePolicy",
                                        "logs:DescribeResourcePolicies",
                                        "logs:DescribeLogGroups"
                                    ],
                                    "Effect": "Allow",
                                    "Resource": "*"
                                },
                                {
                                    "Action":
                                    [
                                        "lambda:InvokeFunction"
                                    ],
                                    "Effect": "Allow",
                                    "Resource":
                                    [
                                        {
                                            "Fn::Sub": "arn:aws:lambda:${AWS::Region}:${AWS::AccountId}:function:sc_enh_acctfac*"
                                        }
                                    ]
                                }
                            ]
                        },
                        "PolicyName": "stepfuncion"
                    }
                ]
            },
            "Type": "AWS::IAM::Role"
        },
        "RolelambaSFN":
        {
            "DependsOn":
            [
                "StorageBucket"
            ],
            "Properties":
            {
                "AssumeRolePolicyDocument":
                {
                    "Statement":
                    [
                        {
                            "Action": "sts:AssumeRole",
                            "Effect": "Allow",
                            "Principal":
                            {
                                "Service": "lambda.amazonaws.com"
                            }
                        }
                    ],
                    "Version": "2012-10-17"
                },
                "ManagedPolicyArns":
                [
                    "arn:aws:iam::aws:policy/service-role/AWSLambdaBasicExecutionRole"
                ],
                "Path": "/",
                "Policies":
                [
                    {
                        "PolicyDocument":
                        {
                            "Statement":
                            [
                                {
                                    "Action":
                                    [
                                        "s3:PutObject",
                                        "s3:DeleteObject",
                                        "s3:DeleteObjectTagging",
                                        "s3:DeleteObjectVersion",
                                        "s3:DeleteObjectVersionTagging",
                                        "s3:Get*",
                                        "s3:List*"
                                    ],
                                    "Effect": "Allow",
                                    "Resource":
                                    [
                                        {
                                            "Fn::Sub": "arn:aws:s3:::${StorageBucket}/*"
                                        },
                                        {
                                            "Fn::Sub": "arn:aws:s3:::${StorageBucket}"
                                        }
                                    ]
                                },
                                {
                                    "Action":
                                    [
                                        "sts:GetSessionToken",
                                        "sts:AssumeRole",
                                        "sts:GetFederationToken",
                                        "sts:SetSourceIdentity",
                                        "sts:DecodeAuthorizationMessage",
                                        "sts:AssumeRoleWithSAML",
                                        "sts:GetAccessKeyInfo",
                                        "sts:GetCallerIdentity",
                                        "sts:AssumeRoleWithWebIdentity",
                                        "sts:GetServiceBearerToken"
                                    ],
                                    "Effect": "Allow",
                                    "Resource": "arn:aws:iam::*:role/AWSControlTowerExecution",
                                    "Sid": "VisualEditor0"
                                },
                                {
                                    "Action":
                                    [
                                        "dynamodb:DeleteItem",
                                        "dynamodb:CreateBackup",
                                        "dynamodb:BatchWriteItem",
                                        "dynamodb:PutItem",
                                        "dynamodb:UpdateItem",
                                        "dynamodb:UpdateTable",
                                        "dynamodb:Scan*",
                                        "dynamodb:GetItem"
                                    ],
                                    "Effect": "Allow",
                                    "Resource":
                                    {
                                        "Fn::Sub": "arn:aws:dynamodb:*:${AWS::AccountId}:table/scenhanced-${AWS::StackName}"
                                    },
                                    "Sid": "Vdynamotor0"
                                }
                            ]
                        },
                        "PolicyName": "scsfnsc"
                    }
                ]
            },
            "Type": "AWS::IAM::Role"
        },
        "RuleCtEvents":
        {
            "DependsOn":
            [
                "LambdaEnhanceSCprodUpdate"
            ],
            "Properties":
            {
                "Description": "Capture Control Tower LifeCycle Events and Trigger an Action",
                "EventPattern":
                {
                    "detail":
                    {
                        "eventName":
                        [
                            "CreateManagedAccount",
                            "UpdateManagedAccount",
                            "RegisterOrganizationalUnit"
                        ],
                        "eventSource":
                        [
                            "controltower.amazonaws.com"
                        ]
                    },
                    "detail-type":
                    [
                        "AWS Service Event via CloudTrail"
                    ],
                    "source":
                    [
                        "aws.controltower"
                    ]
                },
                "Name": {
                    "Fn::Join":
                    [
                        "",
                        [
                            "RuleCtevent-",
                            {
                                "Fn::Select":
                                [
                                    6,
                                    {
                                        "Fn::Split":
                                        [
                                            "-",
                                            {
                                                "Ref": "AWS::StackId"
                                            }
                                        ]
                                    }
                                ]
                            }
                        ]
                    ]
                },
                "State": "ENABLED",
                "Targets":
                [
                    {
                        "Arn":
                        {
                            "Fn::GetAtt":
                            [
                                "LambdaEnhanceSCprodUpdate",
                                "Arn"
                            ]
                        },
                        "Id": "IDRuleCtEvents"
                    }
                ]
            },
            "Type": "AWS::Events::Rule"
        },
        "StepFunctionEnhanceAF":
        {
            "DependsOn": "LambdaEnhanceAFRun",
            "Properties":
            {
                "Parameters":
                {},
                "TemplateURL":
                {
                    "Fn::GetAtt":
                    [
                        "LambdaEnhanceAFRun",
                        "stepfunctionurl"
                    ]
                }
            },
            "Type": "AWS::CloudFormation::Stack"
        },
        "StorageBucket":
        {
            "Properties":
            {
                "BucketEncryption":
                {
                    "ServerSideEncryptionConfiguration":
                    [
                        {
                            "ServerSideEncryptionByDefault":
                            {
                                "SSEAlgorithm": "AES256"
                            }
                        }
                    ]
                },
                "VersioningConfiguration":
                {
                    "Status": "Enabled"
                }
            },
            "Type": "AWS::S3::Bucket"
        },
        "StorageBucketPolicy":
        {
            "Properties":
            {
                "Bucket":
                {
                    "Ref": "StorageBucket"
                },
                "PolicyDocument":
                {
                    "Id": "ExamplePolicy",
                    "Statement":
                    [
                        {
                            "Action":
                            [
                                "s3:PutBucketNotification"
                            ],
                            "Effect": "Allow",
                            "Principal":
                            {
                                "AWS":
                                {
                                    "Fn::GetAtt":
                                    [
                                        "RoleEnhanceAF",
                                        "Arn"
                                    ]
                                }
                            },
                            "Resource":
                            {
                                "Fn::Sub": "arn:aws:s3:::${StorageBucket}"
                            }
                        },
                        {
                            "Action": "s3:*",
                            "Condition":
                            {
                                "Bool":
                                {
                                    "aws:SecureTransport": "false"
                                }
                            },
                            "Effect": "Deny",
                            "Principal": "*",
                            "Resource":
                            [
                                {
                                    "Fn::Sub": "arn:aws:s3:::${StorageBucket}/*"
                                },
                                {
                                    "Fn::Sub": "arn:aws:s3:::${StorageBucket}"
                                }
                            ],
                            "Sid": "AllowSSLRequestsOnly"
                        }
                    ],
                    "Version": "2012-10-17"
                }
            },
            "Type": "AWS::S3::BucketPolicy"
        },
        "StorageFunction":
        {
            "Properties":
            {
                "Code":
                {
                    "ZipFile": "import json\nimport logging\nimport threading\nimport boto3\nimport cfnresponse\n\n\n\ndef copy_objects(source_bucket, dest_bucket, prefix, objects):\n    s3 = boto3.client('s3')\n    for o in objects:\n        key = prefix + o\n        copy_source = {\n            'Bucket': source_bucket,\n            'Key': key\n        }\n        print('copy_source: %s' % copy_source)\n        print('dest_bucket = %s'%dest_bucket)\n        print('key = %s' %key)\n        s3.copy_object(CopySource=copy_source, Bucket=dest_bucket,\n              Key=key)\n\n    \ndef timeout(event, context):\n    logging.error('Execution is about to time out, sending failure response to CloudFormation')\n    cfnresponse.send(event, context, cfnresponse.FAILED, {}, None)\n\ndef romanscorch(bucket):\n  \n    s3_client = boto3.client('s3')\n    object_response_paginator = s3_client.get_paginator('list_object_versions')\n    \n    delete_marker_list = []\n    version_list = []\n    \n    for object_response_itr in object_response_paginator.paginate(Bucket=bucket):\n        if 'DeleteMarkers' in object_response_itr:\n            for delete_marker in object_response_itr['DeleteMarkers']:\n                delete_marker_list.append({'Key': delete_marker['Key'], 'VersionId': delete_marker['VersionId']})\n    \n        if 'Versions' in object_response_itr:\n            for version in object_response_itr['Versions']:\n                version_list.append({'Key': version['Key'], 'VersionId': version['VersionId']})\n    \n    for i in range(0, len(delete_marker_list), 1000):\n        response = s3_client.delete_objects(\n            Bucket=bucket,\n            Delete={\n                'Objects': delete_marker_list[i:i+1000],\n                'Quiet': True\n            }\n        )\n        print(response)\n    \n    for i in range(0, len(version_list), 1000):\n        response = s3_client.delete_objects(\n            Bucket=bucket,\n            Delete={\n                'Objects': version_list[i:i+1000],\n                'Quiet': True\n            }\n        )\n        print(response)\n        \n\ndef handler(event, context):\n    print(json.dumps(event))\n    _ret = {}\n    timer = threading.Timer((context.get_remaining_time_in_millis()\n              / 1000.00) - 0.5, timeout, args=[event, context])\n    timer.start()\n    status = cfnresponse.SUCCESS\n\n    \n    try:\n        source_bucket = event['ResourceProperties']['SourceBucket']\n        dest_bucket = event['ResourceProperties']['DestBucket']\n        prefix = event['ResourceProperties']['Prefix']\n        objects = event['ResourceProperties']['Objects']\n        if event['RequestType'] == 'Delete':\n\n            romanscorch(event['ResourceProperties']['DestBucket'])\n        else:\n            copy_objects(source_bucket, dest_bucket, prefix, objects)\n    except Exception as e:\n        logging.error('Exception: %s' % e, exc_info=True)\n        status = cfnresponse.FAILED\n    finally:\n        timer.cancel()\n        cfnresponse.send(event, context, status, {}, None)\n        return _ret"
                },
                "Description": "Copies objects from a source S3 bucket to a destination",
                "Handler": "index.handler",
                "Role":
                {
                    "Fn::GetAtt":
                    [
                        "StorageRole",
                        "Arn"
                    ]
                },
                "Runtime": "python3.9",
                "Timeout": 440
            },
            "Type": "AWS::Lambda::Function"
        },
        "StorageRole":
        {
            "Properties":
            {
                "AssumeRolePolicyDocument":
                {
                    "Statement":
                    [
                        {
                            "Action": "sts:AssumeRole",
                            "Effect": "Allow",
                            "Principal":
                            {
                                "Service": "lambda.amazonaws.com"
                            }
                        }
                    ],
                    "Version": "2012-10-17"
                },
                "ManagedPolicyArns":
                [
                    "arn:aws:iam::aws:policy/service-role/AWSLambdaBasicExecutionRole"
                ],
                "Path": "/",
                "Policies":
                [
                    {
                        "PolicyDocument":
                        {
                            "Statement":
                            [
                                {
                                    "Action":
                                    [
                                        "s3:GetObject"
                                    ],
                                    "Effect": "Allow",
                                    "Resource":
                                    [
                                        {
                                            "Fn::Sub": "arn:aws:s3:::${SourceBucket}/*"
                                        }
                                    ]
                                },
                                {
                                    "Action":
                                    [
                                        "s3:PutObject",
                                        "s3:DeleteObject",
                                        "s3:DeleteObjectTagging",
                                        "s3:DeleteObjectVersion",
                                        "s3:DeleteObjectVersionTagging",
                                        "s3:Get*",
                                        "s3:List*"
                                    ],
                                    "Effect": "Allow",
                                    "Resource":
                                    [
                                        {
                                            "Fn::Sub": "arn:aws:s3:::${StorageBucket}/*"
                                        },
                                        {
                                            "Fn::Sub": "arn:aws:s3:::${StorageBucket}"
                                        }
                                    ]
                                }
                            ],
                            "Version": "2012-10-17"
                        },
                        "PolicyName": "copy-s3-s3"
                    }
                ]
            },
            "Type": "AWS::IAM::Role"
        },
        "StorageRun":
        {
            "Properties":
            {
                "DestBucket":
                {
                    "Ref": "StorageBucket"
                },
                "Objects":
                [
                    "sfn_enhanced_acct_factory.zip",
                    "l_enhance_ct_af.zip",
                    "sc_enh_acctfac_cft_check_status.zip",
                    "sc_enh_acctfac_cft_check_updatelog.zip",
                    "sc_enh_acctfac_cft.zip",
                    "sc_enhance_acctfact_s3update_prod.zip",
                    "sc_product_scenhanceaf.json",
                    "sc_product_scenhanceaf_templates.json",
                    "scenhanceaf_stepfunction.json",
                    "src/postaccount/post_s3.json",
                    "src/postaccount/SecurityHub-GuardDuty.yaml",
                    "src/config/enparameter.json"
                ],
                "Prefix": "content/scenhanceaf/",
                "ServiceToken":
                {
                    "Fn::GetAtt":
                    [
                        "StorageFunction",
                        "Arn"
                    ]
                },
                "SourceBucket":
                {
                    "Ref": "SourceBucket"
                }
            },
            "Type": "Custom::StorageRun"
        }
    }
}