{
  "Description": "Storage,Bucket,v1.0,Create Public S3 Bucket beta-fdp-1p7mq4srk",
  "Parameters": {
 
    "BucketName": {
      "Description": "Bucket Name",
      "Type": "String",
      "Default": "bname"
    }
  },
  "Resources": {
    "ThatBucket": {
      "Type": "AWS::S3::Bucket",
      "Properties": {
        "AccessControl": "Private",
        "BucketName": {
          "Fn::Join": [
            "",
            [
              "eafbucket-",
              {
                "Fn::Select": [
                  6,
                  {
                    "Fn::Split": [
                      "-",
                      {
                        "Ref": "AWS::StackId"
                      }
                    ]
                  }
                ]
              }
            ]
          ]
        }

      }
    }
  },
  "Outputs": {
    "S3Url": {
      "Description": "S3url",
      "Value": {
        "Fn::Join": [
          "",
          [
            "https://s3.console.aws.amazon.com/s3/buckets/",
            {
              "Ref": "ThatBucket"
            },
            "?region=",
            {
              "Ref": "AWS::Region"
            },
            "&tab=overview"
          ]
        ]
      }
    }
  }
}