{
    "AWSTemplateFormatVersion": "2010-09-09",
    "Description": "Marketplace reporting.v1",
    "Outputs":
    {
        "DBEndpoint":
        {
            "Value":
            {
                "Fn::Sub": "${DBRDSdb.Endpoint.Address},${MasterUsername},${MasterUserPassword}"
            }
        }
    },
    "Parameters":
    {
        "DBSubnetGroupSubnetID01":
        {
            "ConstraintDescription": "pick 2 from different AZ.",
            "Description": "Id of an existing subnet ",
            "Type": "AWS::EC2::Subnet::Id"
        },
        "DBSubnetGroupSubnetID02":
        {
            "ConstraintDescription": "pick 2 from different AZ.",
            "Description": "Id of an existing subnet ",
            "Type": "AWS::EC2::Subnet::Id"
        },
        "EmailDistribution":
        {
            "Default": "",
            "Description": "The email distribution for Notification. Enter NONE for no notification",
            "Type": "String"
        },
        "MasterUserPassword":
        {
            "AllowedPattern": "^[a-zA-Z0-9]*$",
            "Description": "The database admin account password",
            "MaxLength": "41",
            "MinLength": "1",
            "NoEcho": true,
            "Type": "String"
        },
        "MasterUsername":
        {
  
            "Description": "The database admin username",
            "Type": "String",
            "NoEcho": true
        },
        "Scheduledbload":
        {
            "Default": "rate(15 minutes)",
            "Description": "How often should the database be updated default every 15 minutes",
            "Type": "String"
        },
        "SourceBucket":
        {
            "Default": "",
            "Description": "The name of the bucket containing the Cloud Formation Template.",
            "Type": "String"
        },
        "VpcId":
        {
            "Description": "The VPC to deploy into",
            "Type": "AWS::EC2::VPC::Id"
        }
    },
    "Resources":
    {
        "CloudTrail":
        {
            "DependsOn":
            [
                "CloudTrailS3Bucket",
                "CloudTrailBucketPolicy"
            ],
            "Properties":
            {
                "IsLogging": true,
                "S3BucketName":
                {
                    "Ref": "CloudTrailS3Bucket"
                }
            },
            "Type": "AWS::CloudTrail::Trail"
        },
        "CloudTrailBucketPolicy":
        {
            "Properties":
            {
                "Bucket":
                {
                    "Ref": "CloudTrailS3Bucket"
                },
                "PolicyDocument":
                {
                    "Statement":
                    [
                        {
                            "Action": "s3:GetBucketAcl",
                            "Effect": "Allow",
                            "Principal":
                            {
                                "Service": "cloudtrail.amazonaws.com"
                            },
                            "Resource":
                            {
                                "Fn::Sub": "arn:aws:s3:::${CloudTrailS3Bucket}"
                            },
                            "Sid": "AWSCloudTrailAclCheck"
                        },
                        {
                            "Action": "s3:PutObject",
                            "Condition":
                            {
                                "StringEquals":
                                {
                                    "s3:x-amz-acl": "bucket-owner-full-control"
                                }
                            },
                            "Effect": "Allow",
                            "Principal":
                            {
                                "Service": "cloudtrail.amazonaws.com"
                            },
                            "Resource":
                            {
                                "Fn::Sub": "arn:aws:s3:::${CloudTrailS3Bucket}/AWSLogs/${AWS::AccountId}/*"
                            },
                            "Sid": "AWSCloudTrailWrite"
                        }
                    ],
                    "Version": "2012-10-17"
                }
            },
            "Type": "AWS::S3::BucketPolicy"
        },
        "CloudTrailS3Bucket":
        {
            "Properties":
            {
                "BucketEncryption":
                {
                    "ServerSideEncryptionConfiguration":
                    [
                        {
                            "ServerSideEncryptionByDefault":
                            {
                                "SSEAlgorithm": "AES256"
                            }
                        }
                    ]
                }
            },
            "Type": "AWS::S3::Bucket"
        },
        "DBRDSdb":
        {
            "Properties":
            {
                "AllocatedStorage": 20,
                "DBInstanceClass": "db.m5.large",
                "DBName":
                {
                    "Fn::Sub": "rdsmpevent${AWS::StackName}"
                },
                "DBSubnetGroupName":
                {
                    "Ref": "DBSubnetGroup"
                },
                "DeletionProtection": true,
                "Engine": "mariadb",
                "EngineVersion": "10.11.5",
                "MasterUserPassword":
                {
                    "Ref": "MasterUserPassword"
                },
                "MasterUsername":
                {
                    "Ref": "MasterUsername"
                },
                "PubliclyAccessible": false,
                "StorageEncrypted": true,
                "Tags":
                [
                    {
                        "Key": "Name",
                        "Value":
                        {
                            "Fn::Sub": "rdsmpevent${AWS::StackName}"
                        }
                    }
                ],
                "VPCSecurityGroups":
                [
                    {
                        "Ref": "SecgroupDB"
                    },
                    {
                        "Ref": "Secgrouplambda"
                    }
                ]
            },
            "Type": "AWS::RDS::DBInstance"
        },
        "DBSubnetGroup":
        {
            "Properties":
            {
                "DBSubnetGroupDescription": "DBSubnetGroup",
                "SubnetIds":
                [
                    {
                        "Ref": "DBSubnetGroupSubnetID01"
                    },
                    {
                        "Ref": "DBSubnetGroupSubnetID02"
                    }
                ]
            },
            "Type": "AWS::RDS::DBSubnetGroup"
        },
        "EventsRuleDBload":
        {
            "DependsOn":
            [
                "FunclicmgtRun"
            ],
            "Properties":
            {
                "Description": "ScheduledRule",
                "ScheduleExpression":
                {
                    "Ref": "Scheduledbload"
                },
                "State": "ENABLED",
                "Targets":
                [
                    {
                        "Arn":
                        {
                            "Fn::GetAtt":
                            [
                                "FuncRdsmgt",
                                "Arn"
                            ]
                        },
                        "Id": "TargetFunctionV1"
                    }
                ]
            },
            "Type": "AWS::Events::Rule"
        },
        "FuncMmpeventfilter":
        {
            "DependsOn":
            [
                "StorageRun"
            ],
            "Properties":
            {
                "Code":
                {
                    "S3Bucket":
                    {
                        "Ref": "StorageBucket"
                    },
                    "S3Key":
                    {
                        "Fn::Sub": "content/mpeventrep/src/l_mpevent_filter.zip"
                    }
                },
                "Description": "Filter CloudTrail events for Marketplace only events and store in S3",
                "Environment":
                {
                    "Variables":
                    {
                        "bucket":
                        {
                            "Ref": "StorageBucket"
                        },
                        "etoemail":
                        {
                            "Ref": "EmailDistribution"
                        },
                        "prefix": "content/mpeventrep/"
                    }
                },
                "FunctionName":
                {
                    "Fn::Join":
                    [
                        "",
                        [
                            "mpevent_events_filter",
                            {
                                "Fn::Select":
                                [
                                    6,
                                    {
                                        "Fn::Split":
                                        [
                                            "-",
                                            {
                                                "Ref": "AWS::StackId"
                                            }
                                        ]
                                    }
                                ]
                            }
                        ]
                    ]
                },
                "Handler": "lambda_function.lambda_handler",
                "MemorySize": 2048,
                "Role":
                {
                    "Fn::GetAtt":
                    [
                        "RoleFunclicsmgt",
                        "Arn"
                    ]
                },
                "Runtime": "python3.11",
                "Timeout": 240
            },
            "Type": "AWS::Lambda::Function"
        },
        "FuncRdsmgt":
        {
            "DependsOn":
            [
                "StorageRun",
                "Mysqlpy",
                "DBRDSdb",
                "FuncMmpeventfilter"
            ],
            "Properties":
            {
                "Code":
                {
                    "S3Bucket":
                    {
                        "Ref": "StorageBucket"
                    },
                    "S3Key":
                    {
                        "Fn::Sub": "content/mpeventrep/src/l_mp_event_db.zip"
                    }
                },
                "Description": "MP event rds mgt",
                "Environment":
                {
                    "Variables":
                    {
                        "DBEndpoint":
                        {
                            "Fn::Sub": "${DBRDSdb.Endpoint.Address},${MasterUsername},${MasterUserPassword}"
                        },
                        "bucket":
                        {
                            "Ref": "StorageBucket"
                        },
                        "ctbucket":
                        {
                            "Ref": "CloudTrailS3Bucket"
                        },
                        "ctlambafilterarn":
                        {
                            "Fn::GetAtt":
                            [
                                "FuncMmpeventfilter",
                                "Arn"
                            ]
                        },
                        "ctprefix":
                        {
                            "Fn::Sub": "AWSLogs/${AWS::AccountId}/CloudTrail/"
                        },
                        "prefix": "content/mpeventrep/"
                    }
                },
                "FunctionName":
                {
                    "Fn::Join":
                    [
                        "",
                        [
                            "mpevent_rds_managment_",
                            {
                                "Fn::Select":
                                [
                                    6,
                                    {
                                        "Fn::Split":
                                        [
                                            "-",
                                            {
                                                "Ref": "AWS::StackId"
                                            }
                                        ]
                                    }
                                ]
                            }
                        ]
                    ]
                },
                "Handler": "lambda_function.lambda_handler",
                "Layers":
                [
                    {
                        "Ref": "Mysqlpy"
                    }
                ],
                "MemorySize": 2048,
                "Role":
                {
                    "Fn::GetAtt":
                    [
                        "RoleFuncRdsmgt",
                        "Arn"
                    ]
                },
                "Runtime": "python3.11",
                "Timeout": 300,
                "VpcConfig":
                {
                    "SecurityGroupIds":
                    [
                        {
                            "Ref": "Secgrouplambda"
                        }
                    ],
                    "SubnetIds":
                    [
                        {
                            "Ref": "DBSubnetGroupSubnetID02"
                        }
                    ]
                }
            },
            "Type": "AWS::Lambda::Function"
        },
        "Funclicmgt":
        {
            "DependsOn":
            [
                "StorageRun"
            ],
            "Properties":
            {
                "Code":
                {
                    "S3Bucket":
                    {
                        "Ref": "StorageBucket"
                    },
                    "S3Key":
                    {
                        "Fn::Sub": "content/mpeventrep/src/l_lic_mgt.zip"
                    }
                },
                "Description": "Saves Lic manager info into json db",
                "Environment":
                {
                    "Variables":
                    {
                        "bucket":
                        {
                            "Ref": "StorageBucket"
                        },
                        "prefix": "content/mpeventrep/"
                    }
                },
                "FunctionName":
                {
                    "Fn::Join":
                    [
                        "",
                        [
                            "mpevent_lic_json_db_",
                            {
                                "Fn::Select":
                                [
                                    6,
                                    {
                                        "Fn::Split":
                                        [
                                            "-",
                                            {
                                                "Ref": "AWS::StackId"
                                            }
                                        ]
                                    }
                                ]
                            }
                        ]
                    ]
                },
                "Handler": "lambda_function.lambda_handler",
                "MemorySize": 2048,
                "Role":
                {
                    "Fn::GetAtt":
                    [
                        "RoleFunclicsmgt",
                        "Arn"
                    ]
                },
                "Runtime": "python3.11",
                "Timeout": 240
            },
            "Type": "AWS::Lambda::Function"
        },
        "FunclicmgtRun":
        {
            "DependsOn": "Funclicmgt",
            "Properties":
            {
                "ServiceToken":
                {
                    "Fn::GetAtt":
                    [
                        "Funclicmgt",
                        "Arn"
                    ]
                }
            },
            "Type": "Custom::StorageRun"
        },
        "Mysqlpy":
        {
            "DependsOn": "StorageRun",
            "Properties":
            {
                "CompatibleRuntimes":
                [
                    "python3.11",
                    "python3.10"
                ],
                "Content":
                {
                    "S3Bucket":
                    {
                        "Ref": "StorageBucket"
                    },
                    "S3Key": "content/mpeventrep/src/mymysql.zip"
                },
                "Description": "python mysql",
                "LayerName":
                {
                    "Fn::Join":
                    [
                        "",
                        [
                            "pythonmysql-",
                            {
                                "Fn::Select":
                                [
                                    6,
                                    {
                                        "Fn::Split":
                                        [
                                            "-",
                                            {
                                                "Ref": "AWS::StackId"
                                            }
                                        ]
                                    }
                                ]
                            }
                        ]
                    ]
                },
                "LicenseInfo": "MIT"
            },
            "Type": "AWS::Lambda::LayerVersion"
        },
        "PermissionForEventsToInvokeLambda":
        {
            "Properties":
            {
                "Action": "lambda:InvokeFunction",
                "FunctionName":
                {
                    "Ref": "FuncRdsmgt"
                },
                "Principal": "events.amazonaws.com",
                "SourceArn":
                {
                    "Fn::GetAtt":
                    [
                        "EventsRuleDBload",
                        "Arn"
                    ]
                }
            },
            "Type": "AWS::Lambda::Permission"
        },
        "Permissioncts3invoke":
        {
            "DependsOn":
            [
                "FuncMmpeventfilter",
                "CloudTrailS3Bucket"
            ],
            "Properties":
            {
                "Action": "lambda:InvokeFunction",
                "FunctionName":
                {
                    "Ref": "FuncMmpeventfilter"
                },
                "Principal": "s3.amazonaws.com",
                "SourceArn":
                {
                    "Fn::Sub": "arn:aws:s3:::${CloudTrailS3Bucket}"
                }
            },
            "Type": "AWS::Lambda::Permission"
        },
        "RoleFuncRdsmgt":
        {
            "Properties":
            {
                "AssumeRolePolicyDocument":
                {
                    "Statement":
                    [
                        {
                            "Action": "sts:AssumeRole",
                            "Effect": "Allow",
                            "Principal":
                            {
                                "Service": "lambda.amazonaws.com"
                            }
                        }
                    ],
                    "Version": "2012-10-17"
                },
                "ManagedPolicyArns":
                [
                    "arn:aws:iam::aws:policy/service-role/AWSLambdaBasicExecutionRole",
                    "arn:aws:iam::aws:policy/service-role/AWSLambdaENIManagementAccess"
                ],
                "Path": "/",
                "Policies":
                [
                    {
                        "PolicyDocument":
                        {
                            "Statement":
                            [
                                {
                                    "Action":
                                    [
                                        "s3:PutObject",
                                        "s3:DeleteObject",
                                        "s3:DeleteObjectTagging",
                                        "s3:DeleteObjectVersion",
                                        "s3:DeleteObjectVersionTagging",
                                        "s3:Get*",
                                        "s3:List*"
                                    ],
                                    "Effect": "Allow",
                                    "Resource":
                                    [
                                        {
                                            "Fn::Sub": "arn:aws:s3:::${StorageBucket}/*"
                                        },
                                        {
                                            "Fn::Sub": "arn:aws:s3:::${StorageBucket}"
                                        }
                                    ]
                                },
                                {
                                    "Action":
                                    [
                                        "s3:Get*",
                                        "s3:List*",
                                        "s3:PutBucketNotification"
                                    ],
                                    "Effect": "Allow",
                                    "Resource":
                                    [
                                        {
                                            "Fn::Sub": "arn:aws:s3:::${CloudTrailS3Bucket}/*"
                                        },
                                        {
                                            "Fn::Sub": "arn:aws:s3:::${CloudTrailS3Bucket}"
                                        }
                                    ]
                                }
                            ],
                            "Version": "2012-10-17"
                        },
                        "PolicyName": "rdsmgt"
                    }
                ]
            },
            "Type": "AWS::IAM::Role"
        },
        "RoleFunceventfilter":
        {
            "DependsOn":
            [
                "CloudTrailS3Bucket"
            ],
            "Properties":
            {
                "AssumeRolePolicyDocument":
                {
                    "Statement":
                    [
                        {
                            "Action": "sts:AssumeRole",
                            "Effect": "Allow",
                            "Principal":
                            {
                                "Service": "lambda.amazonaws.com"
                            }
                        }
                    ],
                    "Version": "2012-10-17"
                },
                "ManagedPolicyArns":
                [
                    "arn:aws:iam::aws:policy/service-role/AWSLambdaBasicExecutionRole"
                ],
                "Path": "/",
                "Policies":
                [
                    {
                        "PolicyDocument":
                        {
                            "Statement":
                            [
                                {
                                    "Action":
                                    [
                                        "ses:ListVerifiedEmailAddresses",
                                        "ses:send*",
                                        "ses:VerifyEmailIdentity"
                                    ],
                                    "Effect": "Allow",
                                    "Resource":
                                    [
                                        "*"
                                    ]
                                },
                                {
                                    "Action":
                                    [
                                        "s3:PutObject",
                                        "s3:DeleteObject",
                                        "s3:DeleteObjectTagging",
                                        "s3:DeleteObjectVersion",
                                        "s3:DeleteObjectVersionTagging",
                                        "s3:Get*",
                                        "s3:List*"
                                    ],
                                    "Effect": "Allow",
                                    "Resource":
                                    [
                                        {
                                            "Fn::Sub": "arn:aws:s3:::${StorageBucket}/*"
                                        },
                                        {
                                            "Fn::Sub": "arn:aws:s3:::${StorageBucket}"
                                        }
                                    ]
                                },
                                {
                                    "Action":
                                    [
                                        "s3:Get*",
                                        "s3:List*"
                                    ],
                                    "Effect": "Allow",
                                    "Resource":
                                    [
                                        {
                                            "Fn::Sub": "arn:aws:s3:::${CloudTrailS3Bucket}/*"
                                        },
                                        {
                                            "Fn::Sub": "arn:aws:s3:::${CloudTrailS3Bucket}"
                                        }
                                    ]
                                }
                            ],
                            "Version": "2012-10-17"
                        },
                        "PolicyName": "rdsmgt"
                    }
                ]
            },
            "Type": "AWS::IAM::Role"
        },
        "RoleFunclicsmgt":
        {
            "Properties":
            {
                "AssumeRolePolicyDocument":
                {
                    "Statement":
                    [
                        {
                            "Action": "sts:AssumeRole",
                            "Effect": "Allow",
                            "Principal":
                            {
                                "Service": "lambda.amazonaws.com"
                            }
                        }
                    ],
                    "Version": "2012-10-17"
                },
                "ManagedPolicyArns":
                [
                    "arn:aws:iam::aws:policy/service-role/AWSLambdaBasicExecutionRole"
                ],
                "Path": "/",
                "Policies":
                [
                    {
                        "PolicyDocument":
                        {
                            "Statement":
                            [
                                {
                                    "Action":
                                    [
                                        "ses:ListVerifiedEmailAddresses",
                                        "ses:send*",
                                        "ses:VerifyEmailIdentity"
                                    ],
                                    "Effect": "Allow",
                                    "Resource":
                                    [
                                        "*"
                                    ]
                                },
                                {
                                    "Action":
                                    [
                                        "s3:PutObject",
                                        "s3:DeleteObject",
                                        "s3:DeleteObjectTagging",
                                        "s3:DeleteObjectVersion",
                                        "s3:DeleteObjectVersionTagging",
                                        "s3:Get*",
                                        "s3:List*"
                                    ],
                                    "Effect": "Allow",
                                    "Resource":
                                    [
                                        {
                                            "Fn::Sub": "arn:aws:s3:::${StorageBucket}/*"
                                        },
                                        {
                                            "Fn::Sub": "arn:aws:s3:::${StorageBucket}"
                                        }
                                    ]
                                },
                                {
                                    "Action":
                                    [
                                        "license-manager:List*"
                                    ],
                                    "Effect": "Allow",
                                    "Resource":
                                    [
                                        "*"
                                    ],
                                    "Sid": "Statement1"
                                },
                                {
                                    "Action":
                                    [
                                        "s3:Get*",
                                        "s3:List*"
                                    ],
                                    "Effect": "Allow",
                                    "Resource":
                                    [
                                        {
                                            "Fn::Sub": "arn:aws:s3:::${CloudTrailS3Bucket}/*"
                                        },
                                        {
                                            "Fn::Sub": "arn:aws:s3:::${CloudTrailS3Bucket}"
                                        }
                                    ]
                                }
                            ],
                            "Version": "2012-10-17"
                        },
                        "PolicyName": "licfilter"
                    }
                ]
            },
            "Type": "AWS::IAM::Role"
        },
        "SecgroupDB":
        {
            "Properties":
            {
                "GroupDescription": "Allow EC2 to connect to RDS",
                "SecurityGroupEgress":
                [
                    {
                        "CidrIp": "0.0.0.0/0",
                        "Description": "Allow EC2 to connect to RDS",
                        "IpProtocol": "tcp",
                         "FromPort": 0,
                        "ToPort": 65535
                    }
                ],
                "SecurityGroupIngress":
                [
                    {
                        "CidrIp":
                        {
                            "Fn::Sub": "52.23.63.224/27"
                        },
                        "Description": "Lambda to RDS",
                        "FromPort": 3306,
                        "IpProtocol": "tcp",
                        "ToPort": 3306
                    },
                    {
                        "CidrIp":
                        {
                            "Fn::Sub": "52.15.247.160/27"
                        },
                        "Description": "Lambda to RDS",
                        "FromPort": 3306,
                        "IpProtocol": "tcp",
                        "ToPort": 3306
                    }
                ],
                "Tags":
                [
                    {
                        "Key": "Name",
                        "Value":
                        {
                            "Fn::Sub": "mpeventsgdb${AWS::StackName}"
                        }
                    }
                ],
                "VpcId":
                {
                    "Ref": "VpcId"
                }
            },
            "Type": "AWS::EC2::SecurityGroup"
        },
        "Secgrouplambda":
        {
            "Properties":
            {
                "SecurityGroupEgress":
                [
                    {
                        "CidrIp": "0.0.0.0/0",
                        "Description": "Allow EC2 to connect to RDS",
                        "IpProtocol": "tcp",
                         "FromPort": 0,
                        "ToPort": 65535
                    }
                ],
                "GroupDescription": "Allow lambda connect to RDS",
                "Tags":
                [
                    {
                        "Key": "Name",
                        "Value":
                        {
                            "Fn::Sub": "mpeventsglamba${AWS::StackName}"
                        }
                    }
                ],
                "VpcId":
                {
                    "Ref": "VpcId"
                }
            },
            "Type": "AWS::EC2::SecurityGroup"
        },
        "Secgrouplambdalambadbrule":
        {
            "Properties":
            {
                "Description": "Lambda to RDS",
                "FromPort": 3306,
                "GroupId":
                {
                    "Fn::GetAtt":
                    [
                        "Secgrouplambda",
                        "GroupId"
                    ]
                },
                "IpProtocol": "tcp",
                "SourceSecurityGroupId":
                {
                    "Fn::GetAtt":
                    [
                        "Secgrouplambda",
                        "GroupId"
                    ]
                },
                "ToPort": 3306
            },
            "Type": "AWS::EC2::SecurityGroupIngress"
        },
        "StorageBucket":
        {
            "Properties":
            {
                "BucketEncryption":
                {
                    "ServerSideEncryptionConfiguration":
                    [
                        {
                            "ServerSideEncryptionByDefault":
                            {
                                "SSEAlgorithm": "AES256"
                            }
                        }
                    ]
                },
                "VersioningConfiguration":
                {
                    "Status": "Enabled"
                }
            },
            "Type": "AWS::S3::Bucket"
        },
        "StorageBucketPolicy":
        {
            "Properties":
            {
                "Bucket":
                {
                    "Ref": "StorageBucket"
                },
                "PolicyDocument":
                {
                    "Id": "ExamplePolicy",
                    "Statement":
                    [
                        {
                            "Action": "s3:*",
                            "Condition":
                            {
                                "Bool":
                                {
                                    "aws:SecureTransport": "false"
                                }
                            },
                            "Effect": "Deny",
                            "Principal": "*",
                            "Resource":
                            [
                                {
                                    "Fn::Sub": "arn:aws:s3:::${StorageBucket}/*"
                                },
                                {
                                    "Fn::Sub": "arn:aws:s3:::${StorageBucket}"
                                }
                            ],
                            "Sid": "AllowSSLRequestsOnly"
                        }
                    ],
                    "Version": "2012-10-17"
                }
            },
            "Type": "AWS::S3::BucketPolicy"
        },
        "StorageFunction":
        {
            "Properties":
            {
                "Code":
                {
                    "ZipFile": "import json\nimport logging\nimport threading\nimport boto3\nimport cfnresponse\n\n\n\ndef copy_objects(source_bucket, dest_bucket, prefix, objects):\n    s3 = boto3.client('s3')\n    for o in objects:\n        key = prefix + o\n        copy_source = {\n            'Bucket': source_bucket,\n            'Key': key\n        }\n        print('copy_source: %s' % copy_source)\n        print('dest_bucket = %s'%dest_bucket)\n        print('key = %s' %key)\n        s3.copy_object(CopySource=copy_source, Bucket=dest_bucket,\n              Key=key)\n\n    \ndef timeout(event, context):\n    logging.error('Execution is about to time out, sending failure response to CloudFormation')\n    cfnresponse.send(event, context, cfnresponse.FAILED, {}, None)\n\ndef romanscorch(bucket):\n  \n    s3_client = boto3.client('s3')\n    object_response_paginator = s3_client.get_paginator('list_object_versions')\n    \n    delete_marker_list = []\n    version_list = []\n    \n    for object_response_itr in object_response_paginator.paginate(Bucket=bucket):\n        if 'DeleteMarkers' in object_response_itr:\n            for delete_marker in object_response_itr['DeleteMarkers']:\n                delete_marker_list.append({'Key': delete_marker['Key'], 'VersionId': delete_marker['VersionId']})\n    \n        if 'Versions' in object_response_itr:\n            for version in object_response_itr['Versions']:\n                version_list.append({'Key': version['Key'], 'VersionId': version['VersionId']})\n    \n    for i in range(0, len(delete_marker_list), 1000):\n        response = s3_client.delete_objects(\n            Bucket=bucket,\n            Delete={\n                'Objects': delete_marker_list[i:i+1000],\n                'Quiet': True\n            }\n        )\n        print(response)\n    \n    for i in range(0, len(version_list), 1000):\n        response = s3_client.delete_objects(\n            Bucket=bucket,\n            Delete={\n                'Objects': version_list[i:i+1000],\n                'Quiet': True\n            }\n        )\n        print(response)\n        \n\ndef handler(event, context):\n    print(json.dumps(event))\n    _ret = {}\n    timer = threading.Timer((context.get_remaining_time_in_millis()\n              / 1000.00) - 0.5, timeout, args=[event, context])\n    timer.start()\n    status = cfnresponse.SUCCESS\n\n    \n    try:\n        source_bucket = event['ResourceProperties']['SourceBucket']\n        dest_bucket = event['ResourceProperties']['DestBucket']\n        prefix = event['ResourceProperties']['Prefix']\n        objects = event['ResourceProperties']['Objects']\n        if event['RequestType'] == 'Delete':\n\n            romanscorch(event['ResourceProperties']['DestBucket'])\n        else:\n            copy_objects(source_bucket, dest_bucket, prefix, objects)\n    except Exception as e:\n        logging.error('Exception: %s' % e, exc_info=True)\n        status = cfnresponse.FAILED\n    finally:\n        timer.cancel()\n        cfnresponse.send(event, context, status, {}, None)\n        return _ret"
                },
                "Description": "Copies objects from a source S3 bucket to a destination",
                "Handler": "index.handler",
                "Role":
                {
                    "Fn::GetAtt":
                    [
                        "StorageRole",
                        "Arn"
                    ]
                },
                "Runtime": "python3.11",
                "Timeout": 240
            },
            "Type": "AWS::Lambda::Function"
        },
        "StorageRole":
        {
            "Properties":
            {
                "AssumeRolePolicyDocument":
                {
                    "Statement":
                    [
                        {
                            "Action": "sts:AssumeRole",
                            "Effect": "Allow",
                            "Principal":
                            {
                                "Service": "lambda.amazonaws.com"
                            }
                        }
                    ],
                    "Version": "2012-10-17"
                },
                "ManagedPolicyArns":
                [
                    "arn:aws:iam::aws:policy/service-role/AWSLambdaBasicExecutionRole"
                ],
                "Path": "/",
                "Policies":
                [
                    {
                        "PolicyDocument":
                        {
                            "Statement":
                            [
                                {
                                    "Action":
                                    [
                                        "s3:GetObject"
                                    ],
                                    "Effect": "Allow",
                                    "Resource":
                                    [
                                        {
                                            "Fn::Sub": "arn:aws:s3:::${SourceBucket}/*"
                                        }
                                    ]
                                },
                                {
                                    "Action":
                                    [
                                        "s3:PutObject",
                                        "s3:DeleteObject",
                                        "s3:DeleteObjectTagging",
                                        "s3:DeleteObjectVersion",
                                        "s3:DeleteObjectVersionTagging",
                                        "s3:Get*",
                                        "s3:List*"
                                    ],
                                    "Effect": "Allow",
                                    "Resource":
                                    [
                                        {
                                            "Fn::Sub": "arn:aws:s3:::${StorageBucket}/*"
                                        },
                                        {
                                            "Fn::Sub": "arn:aws:s3:::${StorageBucket}"
                                        }
                                    ]
                                }
                            ],
                            "Version": "2012-10-17"
                        },
                        "PolicyName": "copy-s3-s3"
                    }
                ]
            },
            "Type": "AWS::IAM::Role"
        },
        "StorageRun":
        {
            "Properties":
            {
                "DestBucket":
                {
                    "Ref": "StorageBucket"
                },
                "Objects":
                [
                    "src/THIRD-PARTY-LICENSES_0b898cab-a0dd-40bb-84e3-b631086adaa7.txt",
                    "src/css/jquery.dataTables.css",
                    "src/css/jquery.dataTables.min.css",
                    "src/css/stylehead.css",
                    "src/js/jquery-3.5.1.js",
                    "src/js/jquery.dataTables.js",
                    "src/js/jquery.dataTables.min.js",
                    "src/l_lic_mgt.zip",
                    "src/l_mp_event_db.zip",
                    "src/l_mpevent_filter.zip",
                    "src/mpeventrep_config.json",
                    "src/mpeventrep_setup.json",
                    "src/mymysql.zip",
                    "src/reports/charts/chart_hbar.html",
                    "src/reports/charts/chart_line.html",
                    "src/reports/charts/chart_pie.html",
                    "src/reports/loader.js",
                    "src/emailheader.png"
                ],
                "Prefix": "content/mpeventrep/",
                "ServiceToken":
                {
                    "Fn::GetAtt":
                    [
                        "StorageFunction",
                        "Arn"
                    ]
                },
                "SourceBucket":
                {
                    "Ref": "SourceBucket"
                }
            },
            "Type": "Custom::StorageRun"
        }
    }
}