{
    "ehancedparameters":
    [
        {
            "AllowedValues": "arrayofstacks",
            "Description": "This is stack will be executed as the 2nd if one is selected",
            "Name": "Step02",
            "Type": "String"
        },
        {
            "AllowedValues": "arrayofstacks",
            "Description": "This is stack will be executed as the 3rd if one is selected",
            "Name": "Step03",
            "Type": "String"
        },
        {
            "AllowedValues": "arrayofstacks",
            "Description": "This is stack will be executed as the 4th if one is selected",
            "Name": "Step04",
            "Type": "String"
        },
        {
            "AllowedValues": "arrayofstacks",
            "Description": "This is stack will be executed as the 5th if one is selected",
            "Name": "Step05",
            "Type": "String"
        }
    ]
}