{
    "AWSTemplateFormatVersion": "2010-09-09",
    "Description": "Service Catalog CT OU Tag automation  setup (fdp-1r56d8b18)",
    "Outputs":
    {
        "Scproduct":
        {
            "Description": "Service Catalog CT OU Tag Management Product",
            "Value":
            {
                "Fn::Sub": "https://console.aws.amazon.com/servicecatalog/home?region=${AWS::Region}#products/${Productctoutagauto}"
            }
        },
        "OuTagReport":
        {
            "Description": "Report of OU and tags",
            "Value":
            {
                "Fn::GetAtt":
                [
                    "lscoumgtrun",
                    "report"
                ]
            }
        },
        "ScproductTemplate":
        {
            "Description": "ScproductTemplate",
            "Value":
            {
                "Fn::GetAtt":
                [
                    "lscoumgtrun",
                    "template"
                ]
            }
        }
    },
    "Parameters":
    {
        "SCenduser":
        {
            "Default": "user/youruser",
            "Description": "Witch Group,Role or user [type/name] will have access to the add config item SC product",
            "Type": "String"
        },
        "SourceBucket":
        {
            "Default": "yourbucket",
            "Description": "Sourcebucket",
            "Type": "String"
        }
    },
    "Resources":
    {
        "CopyZipsBucket":
        {
            "Properties":
            {
                "BucketEncryption":
                {
                    "ServerSideEncryptionConfiguration":
                    [
                        {
                            "ServerSideEncryptionByDefault":
                            {
                                "SSEAlgorithm": "AES256"
                            }
                        }
                    ]
                },
                "VersioningConfiguration":
                {
                    "Status": "Enabled"
                }
            },
            "Type": "AWS::S3::Bucket"
        },
        "CopyZipsBucketPolicy":
        {
            "Properties":
            {
                "Bucket":
                {
                    "Ref": "CopyZipsBucket"
                },
                "PolicyDocument":
                {
                    "Id": "ExamplePolicy",
                    "Statement":
                    [
                        {
                            "Action": "s3:*",
                            "Condition":
                            {
                                "Bool":
                                {
                                    "aws:SecureTransport": "false"
                                }
                            },
                            "Effect": "Deny",
                            "Principal": "*",
                            "Resource":
                            [
                                {
                                    "Fn::Sub": "arn:aws:s3:::${CopyZipsBucket}/*"
                                },
                                {
                                    "Fn::Sub": "arn:aws:s3:::${CopyZipsBucket}"
                                }
                            ],
                            "Sid": "AllowSSLRequestsOnly"
                        }
                    ],
                    "Version": "2012-10-17"
                }
            },
            "Type": "AWS::S3::BucketPolicy"
        },
        "CopyZipsFunction":
        {
            "Properties":
            {
                "Code":
                {
                    "ZipFile": "import json\nimport logging\nimport threading\nimport boto3\nimport cfnresponse\n\n\n\ndef copy_objects(source_bucket, dest_bucket, prefix, objects):\n    s3 = boto3.client('s3')\n    for o in objects:\n        key = prefix + o\n        copy_source = {\n            'Bucket': source_bucket,\n            'Key': key\n        }\n        print('copy_source: %s' % copy_source)\n        print('dest_bucket = %s'%dest_bucket)\n        print('key = %s' %key)\n        s3.copy_object(CopySource=copy_source, Bucket=dest_bucket,\n              Key=key)\n\n    \ndef timeout(event, context):\n    logging.error('Execution is about to time out, sending failure response to CloudFormation')\n    cfnresponse.send(event, context, cfnresponse.FAILED, {}, None)\n\ndef romanscorch(bucket):\n  \n    s3_client = boto3.client('s3')\n    object_response_paginator = s3_client.get_paginator('list_object_versions')\n    \n    delete_marker_list = []\n    version_list = []\n    \n    for object_response_itr in object_response_paginator.paginate(Bucket=bucket):\n        if 'DeleteMarkers' in object_response_itr:\n            for delete_marker in object_response_itr['DeleteMarkers']:\n                delete_marker_list.append({'Key': delete_marker['Key'], 'VersionId': delete_marker['VersionId']})\n    \n        if 'Versions' in object_response_itr:\n            for version in object_response_itr['Versions']:\n                version_list.append({'Key': version['Key'], 'VersionId': version['VersionId']})\n    \n    for i in range(0, len(delete_marker_list), 1000):\n        response = s3_client.delete_objects(\n            Bucket=bucket,\n            Delete={\n                'Objects': delete_marker_list[i:i+1000],\n                'Quiet': True\n            }\n        )\n        print(response)\n    \n    for i in range(0, len(version_list), 1000):\n        response = s3_client.delete_objects(\n            Bucket=bucket,\n            Delete={\n                'Objects': version_list[i:i+1000],\n                'Quiet': True\n            }\n        )\n        print(response)\n        \n\ndef handler(event, context):\n    print(json.dumps(event))\n    _ret = {}\n    timer = threading.Timer((context.get_remaining_time_in_millis()\n              / 1000.00) - 0.5, timeout, args=[event, context])\n    timer.start()\n    status = cfnresponse.SUCCESS\n\n    \n    try:\n        source_bucket = event['ResourceProperties']['SourceBucket']\n        dest_bucket = event['ResourceProperties']['DestBucket']\n        prefix = event['ResourceProperties']['Prefix']\n        objects = event['ResourceProperties']['Objects']\n        if event['RequestType'] == 'Delete':\n\n            romanscorch(event['ResourceProperties']['DestBucket'])\n        else:\n            copy_objects(source_bucket, dest_bucket, prefix, objects)\n    except Exception as e:\n        logging.error('Exception: %s' % e, exc_info=True)\n        status = cfnresponse.FAILED\n    finally:\n        timer.cancel()\n        cfnresponse.send(event, context, status, {}, None)\n        return _ret"
                },
                "Description": "Copies objects from a source S3 bucket to a destination",
                "Handler": "index.handler",
                "Role":
                {
                    "Fn::GetAtt":
                    [
                        "CopyZipsRole",
                        "Arn"
                    ]
                },
                "Runtime": "python3.6",
                "Timeout": 240
            },
            "Type": "AWS::Lambda::Function"
        },
        "CopyZipsRole":
        {
            "Properties":
            {
                "AssumeRolePolicyDocument":
                {
                    "Statement":
                    [
                        {
                            "Action": "sts:AssumeRole",
                            "Effect": "Allow",
                            "Principal":
                            {
                                "Service": "lambda.amazonaws.com"
                            }
                        }
                    ],
                    "Version": "2012-10-17"
                },
                "ManagedPolicyArns":
                [
                    "arn:aws:iam::aws:policy/service-role/AWSLambdaBasicExecutionRole"
                ],
                "Path": "/",
                "Policies":
                [
                    {
                        "PolicyDocument":
                        {
                            "Statement":
                            [
                                {
                                    "Action":
                                    [
                                        "s3:GetObject"
                                    ],
                                    "Effect": "Allow",
                                    "Resource":
                                    [
                                        {
                                            "Fn::Sub": "arn:aws:s3:::${SourceBucket}/*"
                                        }
                                    ]
                                },
                                {
                                    "Action":
                                    [
                                        "s3:PutObject",
                                        "s3:DeleteObject",
                                        "s3:DeleteObjectTagging",
                                        "s3:DeleteObjectVersion",
                                        "s3:DeleteObjectVersionTagging",
                                        "s3:Get*",
                                        "s3:List*"
                                    ],
                                    "Effect": "Allow",
                                    "Resource":
                                    [
                                        {
                                            "Fn::Sub": "arn:aws:s3:::${CopyZipsBucket}/*"
                                        },
                                        {
                                            "Fn::Sub": "arn:aws:s3:::${CopyZipsBucket}"
                                        }
                                    ]
                                }
                            ],
                            "Version": "2012-10-17"
                        },
                        "PolicyName": "copy-s3-s3"
                    }
                ]
            },
            "Type": "AWS::IAM::Role"
        },
        "CopyZipsRun":
        {
            "Properties":
            {
                "DestBucket":
                {
                    "Ref": "CopyZipsBucket"
                },
                "Objects":
                [
                    "ct_ou_mgt_start.zip",
                    "l_ct_ou_mgt.zip"
                ],
                "Prefix": "content/ctautomation/",
                "ServiceToken":
                {
                    "Fn::GetAtt":
                    [
                        "CopyZipsFunction",
                        "Arn"
                    ]
                },
                "SourceBucket":
                {
                    "Ref": "SourceBucket"
                }
            },
            "Type": "Custom::CopyZipsRun"
        },
        "PortfolioAssocEnduserRole":
        {
            "Properties":
            {
                "PortfolioId":
                {
                    "Ref": "Portfolioctoutagauto"
                },
                "PrincipalARN":
                {
                    "Fn::Sub": "arn:aws:iam::${AWS::AccountId}:${SCenduser}"
                },
                "PrincipalType": "IAM"
            },
            "Type": "AWS::ServiceCatalog::PortfolioPrincipalAssociation"
        },
        "Portfolioctoutagauto":
        {
            "DependsOn": "CopyZipsRun",
            "Properties":
            {
                "AcceptLanguage": "en",
                "Description": "AWS MP Sample CT CTouTagauto portfolio",
                "DisplayName": "SC CT CTouTagauto",
                "ProviderName": "AWS MP"
            },
            "Type": "AWS::ServiceCatalog::Portfolio"
        },
        "ProdAssociateCTctoutagauto":
        {
            "DependsOn":
            [
                "Portfolioctoutagauto",
                "Productctoutagauto"
            ],
            "Properties":
            {
                "AcceptLanguage": "en",
                "PortfolioId":
                {
                    "Ref": "Portfolioctoutagauto"
                },
                "ProductId":
                {
                    "Ref": "Productctoutagauto"
                }
            },
            "Type": "AWS::ServiceCatalog::PortfolioProductAssociation"
        },
        "Productctoutagauto":
        {
            "DependsOn":
            [
                "CopyZipsRun",
                "lscoumgtrun"
            ],
            "Properties":
            {
                "AcceptLanguage": "en",
                "Description": "SCproduct CT OUtag automation",
                "Distributor": "AWS MP Team",
                "Name": "SCCTtagAutomaion",
                "Owner": "MP Team",
                "ProvisioningArtifactParameters":
                [
                    {
                        "Description": "v1.0",
                        "Info":
                        {
                            "LoadTemplateFromURL":
                            {
                                "Fn::Sub": "https://${CopyZipsBucket}.s3.amazonaws.com/content/ctautomation/config/sc_ct_tag_automation.json"
                            }
                        },
                        "Name": "v1.0"
                    }
                ],
                "SupportDescription": "Support Description",
                "SupportEmail": "awsmp@example.com",
                "SupportUrl": "https://support.com"
            },
            "Type": "AWS::ServiceCatalog::CloudFormationProduct"
        },
        "lscoumgt":
        {
            "DependsOn":
            [
                "CopyZipsRun"
            ],
            "Properties":
            {
                "Code":
                {
                    "S3Bucket":
                    {
                        "Ref": "CopyZipsBucket"
                    },
                    "S3Key":
                    {
                        "Fn::Sub": "content/ctautomation/ct_ou_mgt_start.zip"
                    }
                },
                "Description": "Setup SC env",
                "Handler": "lambda_function.lambda_handler",
                "Role":
                {
                    "Fn::GetAtt":
                    [
                        "lscoumgtRole",
                        "Arn"
                    ]
                },
                "Runtime": "python3.6",
                "Timeout": 300
            },
            "Type": "AWS::Lambda::Function"
        },
        "lscoumgtRole":
        {
            "Properties":
            {
                "AssumeRolePolicyDocument":
                {
                    "Statement":
                    [
                        {
                            "Action": "sts:AssumeRole",
                            "Effect": "Allow",
                            "Principal":
                            {
                                "Service": "lambda.amazonaws.com"
                            }
                        }
                    ],
                    "Version": "2012-10-17"
                },
                "ManagedPolicyArns":
                [
                    "arn:aws:iam::aws:policy/service-role/AWSLambdaBasicExecutionRole"
                ],
                "Path": "/",
                "Policies":
                [
                    {
                        "PolicyDocument":
                        {
                            "Statement":
                            {
                                "Action":
                                [
                                    "servicecatalog:AcceptPortfolioShare",
                                    "servicecatalog:AssociatePrincipalWithPortfolio",
                                    "servicecatalog:AssociateProductWithPortfolio",
                                    "servicecatalog:CreateProvisioningArtifact",
                                    "servicecatalog:CreateProvisioningArtifact",
                                    "servicecatalog:DescribePortfolio",
                                    "servicecatalog:DescribeProduct",
                                    "servicecatalog:DescribeProductAsAdmin",
                                    "servicecatalog:DescribeProductView",
                                    "servicecatalog:DescribeProvisionedProduct",
                                    "servicecatalog:DescribeProvisionedProduct",
                                    "servicecatalog:DescribeProvisionedProductPlan",
                                    "servicecatalog:DescribeProvisioningArtifact",
                                    "servicecatalog:DescribeProvisioningArtifact",
                                    "servicecatalog:DescribeProvisioningParameters",
                                    "servicecatalog:DisassociateProductFromPortfolio",
                                    "servicecatalog:SearchProducts",
                                    "servicecatalog:SearchProductsAsAdmin",
                                    "servicecatalog:SearchProvisionedProducts",
                                    "servicecatalog:TerminateProvisionedProduct",
                                    "servicecatalog:UpdateProvisioningArtifact"
                                ],
                                "Effect": "Allow",
                                "Resource":
                                [
                                    {
                                        "Fn::Sub": "arn:aws:servicecatalog:${AWS::Region}:${AWS::AccountId}:*/*"
                                    },
                                    {
                                        "Fn::Sub": "arn:aws:catalog:${AWS::Region}:${AWS::AccountId}:*/*"
                                    }
                                ]
                            },
                            "Version": "2012-10-17"
                        },
                        "PolicyName": "servicecatalog_mgt"
                    },
                    {
                        "PolicyDocument":
                        {
                            "Statement":
                            [
                                {
                                    "Action":
                                    [
                                        "ssm:GetParameter"
                                    ],
                                    "Effect": "Allow",
                                    "Resource":
                                    [
                                        {
                                            "Fn::Sub": "arn:aws:ssm:${AWS::Region}:${AWS::AccountId}:parameter/*/*"
                                        }
                                    ]
                                },
                                {
                                    "Action": "sts:AssumeRole",
                                    "Effect": "Allow",
                                    "Resource": "arn:aws:iam::*:role/AWSControlTowerExecution"
                                },
                                {
                                    "Action":
                                    [
                                        "organizations:DescribeOrganization",
                                        "organizations:DescribeOrganizationalUnit",
                                        "organizations:ListTagsForResource",
                                        "organizations:TagResource",
                                        "organizations:ListAccounts",
                                        "organizations:ListAccountsForParent",
                                        "organizations:ListOrganizationalUnitsForParent",
                                        "organizations:ListRoots",
                                        "iam:ListRoles"
                                    ],
                                    "Effect": "Allow",
                                    "Resource":
                                    [
                                        "*"
                                    ],
                                    "Sid": "AllowLicenseManagerActions"
                                },
                                {
                                    "Action":
                                    [
                                        "ssm:GetParameter"
                                    ],
                                    "Effect": "Allow",
                                    "Resource":
                                    [
                                        {
                                            "Fn::Sub": "arn:aws:ssm:${AWS::Region}:${AWS::AccountId}:parameter/*/*"
                                        }
                                    ]
                                },
                                {
                                    "Action":
                                    [
                                        "s3:PutObject",
                                        "s3:DeleteObject",
                                        "s3:Get*",
                                        "s3:List*"
                                    ],
                                    "Effect": "Allow",
                                    "Resource":
                                    [
                                        {
                                            "Fn::Sub": "arn:aws:s3:::${CopyZipsBucket}/*"
                                        },
                                        {
                                            "Fn::Sub": "arn:aws:s3:::${CopyZipsBucket}"
                                        }
                                    ]
                                },
                                {
                                    "Action": "logs:CreateLogGroup",
                                    "Effect": "Allow",
                                    "Resource":
                                    {
                                        "Fn::Sub": "arn:aws:logs:${AWS::Region}:${AWS::AccountId}:*"
                                    }
                                },
                                {
                                    "Action":
                                    [
                                        "logs:CreateLogStream",
                                        "logs:PutLogEvents"
                                    ],
                                    "Effect": "Allow",
                                    "Resource":
                                    [
                                        {
                                            "Fn::Sub": "arn:aws:logs:${AWS::Region}:${AWS::AccountId}:log-group:/aws/lambda/*:*"
                                        }
                                    ]
                                }
                            ],
                            "Version": "2012-10-17"
                        },
                        "PolicyName": "sc-ct-ou-setup"
                    }
                ]
            },
            "Type": "AWS::IAM::Role"
        },
        "lscoumgtrun":
        {
            "DependsOn":
            [
                "CopyZipsRun"
            ],
            "Properties":
            {
                "DestBucket":
                {
                    "Ref": "CopyZipsBucket"
                },
                "ServiceToken":
                {
                    "Fn::GetAtt":
                    [
                        "lscoumgt",
                        "Arn"
                    ]
                },
                "action": "create_setup",
                "scproductname": "SCCTtagAutomaion",
                "life_cycle_actions":
                [
                    "CreateManagedAccount",
                    "UpdateManagedAccount"
                ],
                "prefix": "content/ctautomation"
            },
            "Type": "Custom::lscoumgtrun"
        },
        "PermissionEventlscoueventsmgt":
        {
            "Properties":
            {
                "Action": "lambda:InvokeFunction",
                "FunctionName":
                {
                    "Fn::GetAtt":
                    [
                        "lscoueventsmgt",
                        "Arn"
                    ]
                },
                "Principal": "events.amazonaws.com",
                "SourceArn":
                {
                    "Fn::GetAtt":
                    [
                        "RuleCtEvents",
                        "Arn"
                    ]
                }
            },
            "Type": "AWS::Lambda::Permission"
        },
        "ParPrefix":
        {
            "Type": "AWS::SSM::Parameter",
            "Properties":
            {
                "Description": "Prefix",
                "Name": "/ctautomation/Prefix",
                "Type": "String",
                "Value": "content/ctautomation/"
            }
        },
        "ParServiceToken":
        {
            "Type": "AWS::SSM::Parameter",
            "Properties":
            {
                "Description": "ServiceToken",
                "Name": "/ctautomation/ServiceToken",
                "Type": "String",
                "Value":
                {
                    "Fn::GetAtt":
                    [
                        "lscoumgt",
                        "Arn"
                    ]
                }
            }
        },
        "Parlifecycleaction":
        {
            "Type": "AWS::SSM::Parameter",
            "Properties":
            {
                "Description": "lifecycleaction list",
                "Name": "/ctautomation/ifecycleaction",
                "Type": "String",
                "Value": "CreateManagedAccount,UpdateManagedAccount"
            }
        },
        "ParCopyZipsBucket":
        {
            "Type": "AWS::SSM::Parameter",
            "Properties":
            {
                "Description": "CopyZipsBucket",
                "Name": "/ctautomation/CopyZipsBucket",
                "Type": "String",
                "Value":
                {
                    "Ref": "CopyZipsBucket"
                }
            }
        },
        "RuleCtEvents":
        {
            "DependsOn":
            [
                "lscoueventsmgt"
            ],
            "Properties":
            {
                "Description": "Capture Control Tower LifeCycle Events and Trigger an Action",
                "EventPattern":
                {
                    "detail":
                    {
                        "eventName":
                        [
                            "CreateManagedAccount",
                            "UpdateManagedAccount",
                            "RegisterOrganizationalUnit"
                        ],
                        "eventSource":
                        [
                            "controltower.amazonaws.com"
                        ]
                    },
                    "detail-type":
                    [
                        "AWS Service Event via CloudTrail"
                    ],
                    "source":
                    [
                        "aws.controltower"
                    ]
                },
                "Name": "RuleCtEvents",
                "State": "ENABLED",
                "Targets":
                [
                    {
                        "Arn":
                        {
                            "Fn::GetAtt":
                            [
                                "lscoueventsmgt",
                                "Arn"
                            ]
                        },
                        "Id": "IDRuleCtEvents"
                    }
                ]
            },
            "Type": "AWS::Events::Rule"
        },
        "lscoueventsmgt":
        {
            "DependsOn":
            [
                "CopyZipsRun"
            ],
            "Properties":
            {
                "Code":
                {
                    "S3Bucket":
                    {
                        "Ref": "CopyZipsBucket"
                    },
                    "S3Key":
                    {
                        "Fn::Sub": "content/ctautomation/l_ct_ou_mgt.zip"
                    }
                },
                "Description": "trigger lambda base on  ct LifeCycle Events",
                "Handler": "lambda_function.lambda_handler",
                "Role":
                {
                    "Fn::GetAtt":
                    [
                        "lscoumgtRole",
                        "Arn"
                    ]
                },
                "Runtime": "python3.6",
                "Timeout": 300
            },
            "Type": "AWS::Lambda::Function"
        }
    }
}