{
    "AWSTemplateFormatVersion": "2010-09-09",
    "Description": "AWS SC consolidated reports",
    "Outputs":
    {
        "ConsolidatedReportsUrl":
        {
            "Description": "Consolidated Reports URL",
            "Value":
            {
                "Fn::Sub": "https://${APIGateway}.execute-api.${AWS::Region}.amazonaws.com/dev/scmgt"
            }
        },
        "DBname":
        {
            "Description": "Database Name",
            "Value":
            {
                "Ref": "screportsDynamo"
            }
        },

      

        "Spoketemplate":
        {
            "Description": "Share this template with the spoke accounts across regions",
            "Value":  {
                            "Fn::Sub": "https://${APIGateway}.execute-api.${AWS::Region}.amazonaws.com/dev/wwwsvr?action=wwwsvr&s3key=screports_setup_spoke_new.json"
                        },
        } 
    },
    "Parameters":
    {
        "SourceBucket":
        {
            "Description": "bucket with config content",
            "Type": "String"
        }
    },
    "Resources":
    {
        "APIGateMethodGET":
        {
            "DependsOn":
            [
                "LambdaScmgteventreports"
            ],
            "Properties":
            {
                "AuthorizationType": "NONE",
                "HttpMethod": "GET",
                "Integration":
                {
                    "IntegrationHttpMethod": "POST",
                    "Type": "AWS_PROXY",
                    "Uri":
                    {
                        "Fn::Sub": "arn:aws:apigateway:${AWS::Region}:lambda:path/2015-03-31/functions/${LambdaScmgteventreports.Arn}/invocations"
                    }
                },
                "MethodResponses":
                [
                    {
                        "StatusCode": 200
                    },
                    {
                        "ResponseModels":
                        {
                            "ContentType": "application/json"
                        },
                        "StatusCode": 200
                    }
                ],
                "ResourceId":
                {
                    "Ref": "APIResource"
                },
                "RestApiId":
                {
                    "Ref": "APIGateway"
                }
            },
            "Type": "AWS::ApiGateway::Method"
        },
        "APIGateMethodGETwwwsvr":
        {
            "DependsOn":
            [
                "LambdaS3mgt"
            ],
            "Properties":
            {
                "AuthorizationType": "NONE",
                "HttpMethod": "GET",
                "Integration":
                {
                    "IntegrationHttpMethod": "POST",
                    "Type": "AWS_PROXY",
                    "Uri":
                    {
                        "Fn::Sub": "arn:aws:apigateway:${AWS::Region}:lambda:path/2015-03-31/functions/${LambdaS3mgt.Arn}/invocations"
                    }
                },
                "MethodResponses":
                [
                    {
                        "StatusCode": 200
                    },
                    {
                        "ResponseModels":
                        {
                            "ContentType": "application/json"
                        },
                        "StatusCode": 200
                    }
                ],
                "ResourceId":
                {
                    "Ref": "APIResourcewwwsvr"
                },
                "RestApiId":
                {
                    "Ref": "APIGateway"
                }
            },
            "Type": "AWS::ApiGateway::Method"
        },
        "APIGateMethodPOST":
        {
            "Properties":
            {
                "AuthorizationType": "NONE",
                "HttpMethod": "POST",
                "Integration":
                {
                    "IntegrationHttpMethod": "POST",
                    "Type": "AWS_PROXY",
                    "Uri":
                    {
                        "Fn::Sub": "arn:aws:apigateway:${AWS::Region}:lambda:path/2015-03-31/functions/${LambaScmgtevents.Arn}/invocations"
                    }
                },
                "MethodResponses":
                [
                    {
                        "StatusCode": 200
                    }
                ],
                "ResourceId":
                {
                    "Ref": "APIResource"
                },
                "RestApiId":
                {
                    "Ref": "APIGateway"
                }
            },
            "Type": "AWS::ApiGateway::Method"
        },
        "APIGateway":
        {
            "Properties":
            {
                "Description": "API GW for SC repots",
                "Name":
                {
                    "Fn::Sub": "sc-reportsgw-${AWS::AccountId}"
                }
            },
            "Type": "AWS::ApiGateway::RestApi"
        },
        "APIGatewayDeploy":
        {
            "DependsOn":
            [
                "APIGateMethodGET",
                "APIGateMethodPOST",
                "APIGateMethodGETwwwsvr"
            ],
            "Properties":
            {
                "RestApiId":
                {
                    "Ref": "APIGateway"
                },
                "StageName": "dev"
            },
            "Type": "AWS::ApiGateway::Deployment"
        },
        "APIPermissionGet":
        {
            "DependsOn":
            [
                "APIGateMethodGET",
                "LambdaScmgteventreports"
            ],
            "Properties":
            {
                "Action": "lambda:InvokeFunction",
                "FunctionName":
                {
                    "Fn::Sub": "${LambdaScmgteventreports.Arn}"
                },
                "Principal": "apigateway.amazonaws.com",
                "SourceArn":
                {
                    "Fn::Sub": "arn:aws:execute-api:${AWS::Region}:${AWS::AccountId}:${APIGateway}/*/*/*"
                }
            },
            "Type": "AWS::Lambda::Permission"
        },
        "APIPermissionGetwwwsvr":
        {
            "DependsOn":
            [
                "APIGateMethodGETwwwsvr",
                "LambdaS3mgt"
            ],
            "Properties":
            {
                "Action": "lambda:InvokeFunction",
                "FunctionName":
                {
                    "Fn::Sub": "${LambdaS3mgt.Arn}"
                },
                "Principal": "apigateway.amazonaws.com",
                "SourceArn":
                {
                    "Fn::Sub": "arn:aws:execute-api:${AWS::Region}:${AWS::AccountId}:${APIGateway}/*/*/*"
                }
            },
            "Type": "AWS::Lambda::Permission"
        },
        "APIPermissionPost":
        {
            "Properties":
            {
                "Action": "lambda:InvokeFunction",
                "FunctionName":
                {
                    "Fn::Sub": "${LambaScmgtevents.Arn}"
                },
                "Principal": "apigateway.amazonaws.com",
                "SourceArn":
                {
                    "Fn::Sub": "arn:aws:execute-api:${AWS::Region}:${AWS::AccountId}:${APIGateway}/*/*/*"
                }
            },
            "Type": "AWS::Lambda::Permission"
        },
        "APIResource":
        {
            "Properties":
            {
                "ParentId":
                {
                    "Fn::GetAtt":
                    [
                        "APIGateway",
                        "RootResourceId"
                    ]
                },
                "PathPart": "scmgt",
                "RestApiId":
                {
                    "Ref": "APIGateway"
                }
            },
            "Type": "AWS::ApiGateway::Resource"
        },
        "APIResourcewwwsvr":
        {
            "Properties":
            {
                "ParentId":
                {
                    "Fn::GetAtt":
                    [
                        "APIGateway",
                        "RootResourceId"
                    ]
                },
                "PathPart": "wwwsvr",
                "RestApiId":
                {
                    "Ref": "APIGateway"
                }
            },
            "Type": "AWS::ApiGateway::Resource"
        },
        "CopyZipsBucket":
        {
            "Properties":
            {
                "BucketEncryption":
                {
                    "ServerSideEncryptionConfiguration":
                    [
                        {
                            "ServerSideEncryptionByDefault":
                            {
                                "SSEAlgorithm": "AES256"
                            }
                        }
                    ]
                },
                "VersioningConfiguration":
                {
                    "Status": "Enabled"
                }
            },
            "Type": "AWS::S3::Bucket"
        },
        "CopyZipsBucketPolicy":
        {
            "Properties":
            {
                "Bucket":
                {
                    "Ref": "CopyZipsBucket"
                },
                "PolicyDocument":
                {
                    "Id": "ExamplePolicy",
                    "Statement":
                    [
                        {
                            "Action": "s3:*",
                            "Condition":
                            {
                                "Bool":
                                {
                                    "aws:SecureTransport": "false"
                                }
                            },
                            "Effect": "Deny",
                            "Principal": "*",
                            "Resource":
                            [
                                {
                                    "Fn::Sub": "arn:aws:s3:::${CopyZipsBucket}/*"
                                },
                                {
                                    "Fn::Sub": "arn:aws:s3:::${CopyZipsBucket}"
                                }
                            ],
                            "Sid": "AllowSSLRequestsOnly"
                        }
                    ],
                    "Version": "2012-10-17"
                }
            },
            "Type": "AWS::S3::BucketPolicy"
        },
        "CopyZipsFunction":
        {
            "Properties":
            {
                "Code":
                {
                    "ZipFile": "import json\nimport logging\nimport threading\nimport boto3\nimport cfnresponse\n\n\n\ndef copy_objects(source_bucket, dest_bucket, prefix, objects):\n    s3 = boto3.client('s3')\n    for o in objects:\n        key = prefix + o\n        copy_source = {\n            'Bucket': source_bucket,\n            'Key': key\n        }\n        print('copy_source: %s' % copy_source)\n        print('dest_bucket = %s'%dest_bucket)\n        print('key = %s' %key)\n        s3.copy_object(CopySource=copy_source, Bucket=dest_bucket,\n              Key=key)\n\n    \ndef timeout(event, context):\n    logging.error('Execution is about to time out, sending failure response to CloudFormation')\n    cfnresponse.send(event, context, cfnresponse.FAILED, {}, None)\n\ndef romanscorch(bucket):\n  \n    s3_client = boto3.client('s3')\n    object_response_paginator = s3_client.get_paginator('list_object_versions')\n    \n    delete_marker_list = []\n    version_list = []\n    \n    for object_response_itr in object_response_paginator.paginate(Bucket=bucket):\n        if 'DeleteMarkers' in object_response_itr:\n            for delete_marker in object_response_itr['DeleteMarkers']:\n                delete_marker_list.append({'Key': delete_marker['Key'], 'VersionId': delete_marker['VersionId']})\n    \n        if 'Versions' in object_response_itr:\n            for version in object_response_itr['Versions']:\n                version_list.append({'Key': version['Key'], 'VersionId': version['VersionId']})\n    \n    for i in range(0, len(delete_marker_list), 1000):\n        response = s3_client.delete_objects(\n            Bucket=bucket,\n            Delete={\n                'Objects': delete_marker_list[i:i+1000],\n                'Quiet': True\n            }\n        )\n        print(response)\n    \n    for i in range(0, len(version_list), 1000):\n        response = s3_client.delete_objects(\n            Bucket=bucket,\n            Delete={\n                'Objects': version_list[i:i+1000],\n                'Quiet': True\n            }\n        )\n        print(response)\n        \n\ndef handler(event, context):\n    print(json.dumps(event))\n    _ret = {}\n    timer = threading.Timer((context.get_remaining_time_in_millis()\n              / 1000.00) - 0.5, timeout, args=[event, context])\n    timer.start()\n    status = cfnresponse.SUCCESS\n\n    \n    try:\n        source_bucket = event['ResourceProperties']['SourceBucket']\n        dest_bucket = event['ResourceProperties']['DestBucket']\n        prefix = event['ResourceProperties']['Prefix']\n        objects = event['ResourceProperties']['Objects']\n        if event['RequestType'] == 'Delete':\n\n            romanscorch(event['ResourceProperties']['DestBucket'])\n        else:\n            copy_objects(source_bucket, dest_bucket, prefix, objects)\n    except Exception as e:\n        logging.error('Exception: %s' % e, exc_info=True)\n        status = cfnresponse.FAILED\n    finally:\n        timer.cancel()\n        cfnresponse.send(event, context, status, {}, None)\n        return _ret"
                },
                "Description": "Copies objects from a source S3 bucket to a destination",
                "Handler": "index.handler",
                "Role":
                {
                    "Fn::GetAtt":
                    [
                        "CopyZipsRole",
                        "Arn"
                    ]
                },
                "Runtime": "python3.6",
                "Timeout": 240
            },
            "Type": "AWS::Lambda::Function"
        },
        "CopyZipsRole":
        {
            "Properties":
            {
                "AssumeRolePolicyDocument":
                {
                    "Statement":
                    [
                        {
                            "Action": "sts:AssumeRole",
                            "Effect": "Allow",
                            "Principal":
                            {
                                "Service": "lambda.amazonaws.com"
                            }
                        }
                    ],
                    "Version": "2012-10-17"
                },
                "ManagedPolicyArns":
                [
                    "arn:aws:iam::aws:policy/service-role/AWSLambdaBasicExecutionRole"
                ],
                "Path": "/",
                "Policies":
                [
                    {
                        "PolicyDocument":
                        {
                            "Statement":
                            [
                                {
                                    "Action":
                                    [
                                        "s3:GetObject"
                                    ],
                                    "Effect": "Allow",
                                    "Resource":
                                    [
                                        {
                                            "Fn::Sub": "arn:aws:s3:::${SourceBucket}/*"
                                        }
                                    ]
                                },
                                {
                                    "Action":
                                    [
                                        "s3:PutObject",
                                        "s3:DeleteObject",
                                        "s3:DeleteObjectTagging",
                                        "s3:DeleteObjectVersion",
                                        "s3:DeleteObjectVersionTagging",
                                        "s3:Get*",
                                        "s3:List*"
                                    ],
                                    "Effect": "Allow",
                                    "Resource":
                                    [
                                        {
                                            "Fn::Sub": "arn:aws:s3:::${CopyZipsBucket}/*"
                                        },
                                        {
                                            "Fn::Sub": "arn:aws:s3:::${CopyZipsBucket}"
                                        }
                                    ]
                                }
                            ],
                            "Version": "2012-10-17"
                        },
                        "PolicyName": "copy-s3-s3"
                    }
                ]
            },
            "Type": "AWS::IAM::Role"
        },
        "CopyZipsRun":
        {
            "Properties":
            {
                "DestBucket":
                {
                    "Ref": "CopyZipsBucket"
                },
                "Objects":
                [
                    "sc_mgt_events.zip",
                    "sc_api_bridge.zip",
                    "s3_lambda_mgt.zip",
                    "sc_mgt_event_reports.zip",
                    "screports_setup_spoke.json",
                    "src/css/jquery.dataTables.css",
                    "src/css/jquery.dataTables.min.css",
                    "src/js/jquery.dataTables.js",
                    "src/js/jquery.dataTables.min.js",
                    "src/js/jquery-3.5.1.js"
                ],
                "Prefix": "content/screports/",
                "ServiceToken":
                {
                    "Fn::GetAtt":
                    [
                        "CopyZipsFunction",
                        "Arn"
                    ]
                },
                "SourceBucket":
                {
                    "Ref": "SourceBucket"
                }
            },
            "Type": "Custom::CopyZipsRun"
        },
        "LambaScmgtapibridge":
        {
            "DependsOn":
            [
                "screportsDynamo",
                "APIGatewayDeploy",
                "CopyZipsRun"
            ],
            "Properties":
            {
                "Code":
                {
                    "S3Bucket":
                    {
                        "Ref": "CopyZipsBucket"
                    },
                    "S3Key":
                    {
                        "Fn::Sub": "content/screports/sc_api_bridge.zip"
                    }
                },
                "Description": "send events from config to apigateway",
                "Environment":
                {
                    "Variables":
                    {
                        "ApigwUrl":
                        {
                            "Fn::Sub": "https://${APIGateway}.execute-api.${AWS::Region}.amazonaws.com/dev/scmgt"
                        },
                        "TableName":
                        {
                            "Ref": "screportsDynamo"
                        },
                        "s3bucket":
                        {
                            "Ref": "CopyZipsBucket"
                        }
                    }
                },
                "Handler": "lambda_function.lambda_handler",
                "Role":
                {
                    "Fn::GetAtt":
                    [
                        "RoleSCmgt",
                        "Arn"
                    ]
                },
                "Runtime": "python3.7",
                "Timeout": 240
            },
            "Type": "AWS::Lambda::Function"
        },
        "LambaScmgtevents":
        {
            "DependsOn":
            [
                "screportsDynamo",
                "CopyZipsRun"
            ],
            "Properties":
            {
                "Code":
                {
                    "S3Bucket":
                    {
                        "Ref": "CopyZipsBucket"
                    },
                    "S3Key":
                    {
                        "Fn::Sub": "content/screports/sc_mgt_events.zip"
                    }
                },
                "Description": "sc_mgt_events",
                "Environment":
                {
                    "Variables":
                    {
                        "TableName":
                        {
                            "Ref": "screportsDynamo"
                        },
                        "s3bucket":
                        {
                            "Ref": "CopyZipsBucket"
                        }
                    }
                },
                "Handler": "lambda_function.lambda_handler",
                "Role":
                {
                    "Fn::GetAtt":
                    [
                        "RoleSCmgt",
                        "Arn"
                    ]
                },
                "Runtime": "python3.7",
                "Timeout": 240
            },
            "Type": "AWS::Lambda::Function"
        },
        "LambdaS3mgt":
        {
            "DependsOn":
            [
                "CopyZipsRun"
            ],
            "Properties":
            {
                "Code":
                {
                    "S3Bucket":
                    {
                        "Ref": "CopyZipsBucket"
                    },
                    "S3Key":
                    {
                        "Fn::Sub": "content/screports/s3_lambda_mgt.zip"
                    }
                },
                "Description": "s3_mgt",
                "Environment":
                {
                    "Variables":
                    {
                        "S3Bucket":
                        {
                            "Ref": "CopyZipsBucket"
                        },
                        "prefix": "content/screports/"
                    }
                },
                "Handler": "lambda_function.lambda_handler",
                "Role":
                {
                    "Fn::GetAtt":
                    [
                        "RoleSCmgt",
                        "Arn"
                    ]
                },
                "Runtime": "python3.7",
                "Timeout": 240,
                "MemorySize" : 2048 
            },
            "Type": "AWS::Lambda::Function"
        },
        "LambdaScmgteventreports":
        {
            "DependsOn":
            [
                "screportsDynamo",
                "CopyZipsRun"
 
            ],
            "Properties":
            {
                "Code":
                {
                    "S3Bucket":
                    {
                        "Ref": "CopyZipsBucket"
                    },
                    "S3Key":
                    {
                        "Fn::Sub": "content/screports/sc_mgt_event_reports.zip"
                    }
                },
                "Description": "sc_mgt_event_reports",
                "Environment":
                {
                    "Variables":
                    {
                        "TableName":
                        {
                            "Ref": "screportsDynamo"
                        },
                        "apiurl":
                        {
                            "Fn::Sub": "https://${APIGateway}.execute-api.${AWS::Region}.amazonaws.com/dev/wwwsvr"
                        },
                        "s3bucket":
                        {
                            "Ref": "CopyZipsBucket"
                        }
                    }
                },
                "Handler": "lambda_function.lambda_handler",
                "Role":
                {
                    "Fn::GetAtt":
                    [
                        "RoleSCmgt",
                        "Arn"
                    ]
                },
                "Runtime": "python3.7",
                "Timeout": 240
            },
            "Type": "AWS::Lambda::Function"
        },
        "LambdaSpokeSetup":
        {
            "Properties":
            {
                "Code":
                {
                    "ZipFile":
                    {
                        "Fn::Join":
                        [
                            "\n",
                            [
                                "import boto3",
                                "import json",
                                "import logging",
                                "import os",
                                "import random",
                                "import threading",
                                "import time",
                                "import urllib3",
                                "http = urllib3.PoolManager()",
                                "s3client    = boto3.client('s3')",
                                "logger = logging.getLogger()",
                                "def cfnresponse(event, context, responseStatus, responseData, physicalResourceId=None, noEcho=False):    ",
                                "    responseBody = {}",
                                "    responseBody['Status'] = responseStatus",
                                "    responseBody['Reason'] = 'See the details in CloudWatch Log Stream: ' + context.log_stream_name",
                                "    responseBody['PhysicalResourceId'] = physicalResourceId or context.log_stream_name",
                                "    responseBody['StackId'] = event['StackId']",
                                "    responseBody['RequestId'] = event['RequestId']",
                                "    responseBody['LogicalResourceId'] = event['LogicalResourceId']",
                                "    responseBody['NoEcho'] = noEcho",
                                "    responseBody['Data'] = responseData",
                                "    json_responseBody = json.dumps(responseBody)    ",
                                "    headers = {'content-type' : '','content-length' : str(len(json_responseBody))}",
                                "    try:",
                                "        response = http.request('PUT',event['ResponseURL'],body=json_responseBody.encode('utf-8'),headers=headers)",
                                "        logger.debug('Status code: ' + response.reason)",
                                "    except Exception as e:",
                                "        logger.error('cfnresponse(..) failed executing requests.put(..): ' + str(e))",
                                "def timeout(event, context):",
                                "    logging.error('Execution is about to time out, sending failure response to CloudFormation')",
                                "    cfnresponse(event, context, 'FAILED',{})",
                                "def gen_surl(bucketname, keyname):",
                                "    url = s3client.generate_presigned_url(ClientMethod='get_object', Params={'Bucket': bucketname, 'Key': keyname})",
                                "    return url",
                                "def b_putpriv(bucket, key,  ContentType,body):",
                                "    srep = s3client.put_object(ACL='private', Body=body, Bucket=bucket, Key=key, ContentType=ContentType,)",
                                "    return srep",
                                "def b_get_obj(bucket, bkey):",
                                "    object = s3client.get_object(Bucket=bucket, Key=bkey)",
                                "    return(object['Body'].read().decode('utf-8'))",
                                "def handler(event, context):",
                                "    print( json.dumps(event ))",
                                "    ret={'state':'helloWorld'}",
                                "    bucketname = os.environ['s3bucket']",
                                "    ApigwUrl = os.environ['ApigwUrl'] ",
                                "    spoke_key = f\"content/screports/screports_setup_spoke.json\"",
                                "    timer = threading.Timer((context.get_remaining_time_in_millis()/ 1000.00) - 0.5, timeout, args=[event, context])",
                                "    timer.start()  ",
                                "    status = 'SUCCESS'    ",
                                "    try:",
                                "        if event['RequestType'] == 'Create':",
                                "            spoke_template = b_get_obj(bucketname,spoke_key)",
                                "            spoke_template = spoke_template.replace('__ApigwUrl__',ApigwUrl)",
                                "            spoke_newkey = f\"content/screports/screports_setup_spoke_new.json\"",
                                "            b_putpriv(bucketname, spoke_newkey,  'text/json',spoke_template)",
                                "            ret['spoketemplate'] = gen_surl(bucketname, spoke_newkey)",
                                "    except Exception as e:",
                                "        logging.error('Exception: %s' % e, exc_info=True)",
                                "        status = 'FAILED'",
                                "    finally:",
                                "        timer.cancel()",
                                "        print(json.dumps(ret)) ",
                                "        cfnresponse(event, context, status,ret)",
                                "        return ret"
                            ]
                        ]
                    }
                },
                "Description": "Create Spoke CFT file",
                "Environment":
                {
                    "Variables":
                    {
                        "ApigwUrl":
                        {
                            "Fn::Sub": "https://${APIGateway}.execute-api.${AWS::Region}.amazonaws.com/dev/scmgt"
                        },
                        "Prefix": "content/screports/",
                        "TableName":
                        {
                            "Ref": "screportsDynamo"
                        },
                        "s3bucket":
                        {
                            "Ref": "CopyZipsBucket"
                        }
                    }
                },
                "Handler": "index.handler",
                "Role":
                {
                    "Fn::GetAtt":
                    [
                        "RoleSCmgt",
                        "Arn"
                    ]
                },
                "Runtime": "python3.7",
                "Timeout": 240
            },
            "Type": "AWS::Lambda::Function"
        },
        "LambdaSpokeSetupRun":
        {
            "Properties":
            {
                "ServiceToken":
                {
                    "Fn::GetAtt":
                    [
                        "LambdaSpokeSetup",
                        "Arn"
                    ]
                }
            },
            "Type": "Custom::LambdaSpokeSetupRun"
        },
        "PermissionEventRulescmgtevent":
        {
            "Properties":
            {
                "Action": "lambda:InvokeFunction",
                "FunctionName":
                {
                    "Fn::Sub": "${LambaScmgtapibridge.Arn}"
                },
                "Principal": "events.amazonaws.com",
                "SourceArn":
                {
                    "Fn::GetAtt":
                    [
                        "Rulescmgtevent",
                        "Arn"
                    ]
                }
            },
            "Type": "AWS::Lambda::Permission"
        },
        "RoleSCmgt":
        {
            "DependsOn":
            [
                "screportsDynamo",
                "CopyZipsBucket"
            ],
            "Properties":
            {
                "AssumeRolePolicyDocument":
                {
                    "Statement":
                    [
                        {
                            "Action": "sts:AssumeRole",
                            "Effect": "Allow",
                            "Principal":
                            {
                                "Service": "lambda.amazonaws.com"
                            }
                        }
                    ],
                    "Version": "2012-10-17"
                },
                "ManagedPolicyArns":
                [
                    "arn:aws:iam::aws:policy/service-role/AWSLambdaBasicExecutionRole"
                ],
                "Path": "/",
                "Policies":
                [
                    {
                        "PolicyDocument":
                        {
                            "Statement":
                            [
                                {
                                    "Action":
                                    [
                                        "s3:PutObject",
                                        "s3:DeleteObject",
                                        "s3:DeleteObjectTagging",
                                        "s3:DeleteObjectVersion",
                                        "s3:DeleteObjectVersionTagging",
                                        "s3:Get*",
                                        "s3:List*"
                                    ],
                                    "Effect": "Allow",
                                    "Resource":
                                    [
                                        {
                                            "Fn::Sub": "arn:aws:s3:::${CopyZipsBucket}/*"
                                        },
                                        {
                                            "Fn::Sub": "arn:aws:s3:::${CopyZipsBucket}"
                                        }
                                    ]
                                },
                                {
                                    "Action":
                                    [
                                        "dynamodb:DeleteItem",
                                        "dynamodb:CreateBackup",
                                        "dynamodb:BatchWriteItem",
                                        "dynamodb:PutItem",
                                        "dynamodb:UpdateItem",
                                        "dynamodb:UpdateTable",
                                        "dynamodb:Scan*",
                                        "dynamodb:GetItem"
                                    ],
                                    "Effect": "Allow",
                                    "Resource":
                                    {
                                        "Fn::Sub": "arn:aws:dynamodb:*:${AWS::AccountId}:table/screports-${AWS::StackName}"
                                    },
                                    "Sid": "VisualEditor0"
                                }
                            ]
                        },
                        "PolicyName": "s3dynamomgt"
                    }
                ]
            },
            "Type": "AWS::IAM::Role"
        },
        "Rulescmgtevent":
        {
            "DependsOn":
            [
                "LambaScmgtevents"
            ],
            "Properties":
            {
                "Description": "Capture ServiceCatalog events",
                "EventPattern":
                {
                    "detail":
                    {
                        "eventName":
                        [
                            "TerminateProvisionedProduct",
                            "ProvisionProduct"
                        ],
                        "eventSource":
                        [
                            "servicecatalog.amazonaws.com"
                        ]
                    },
                    "detail-type":
                    [
                        "AWS API Call via CloudTrail"
                    ],
                    "source":
                    [
                        "aws.servicecatalog"
                    ]
                },
                "Name":
                {
                    "Fn::Sub": "scmgtevent-${AWS::StackName}"
                },
                "Targets":
                [
                    {
                        "Arn":
                        {
                            "Fn::Sub": "${LambaScmgtapibridge.Arn}"
                        },
                        "Id": "IDscmgtevent"
                    }
                ]
            },
            "Type": "AWS::Events::Rule"
        },
        "screportsDynamo":
        {
            "Properties":
            {
                "AttributeDefinitions":
                [
                    {
                        "AttributeName": "provisionedProductId",
                        "AttributeType": "S"
                    }
                ],
                "KeySchema":
                [
                    {
                        "AttributeName": "provisionedProductId",
                        "KeyType": "HASH"
                    }
                ],
                "ProvisionedThroughput":
                {
                    "ReadCapacityUnits": "5",
                    "WriteCapacityUnits": "5"
                },
                "TableName":
                {
                    "Fn::Sub": "screports-${AWS::StackName}"
                }
            },
            "Type": "AWS::DynamoDB::Table"
        }
    }
}