{
    "AWSTemplateFormatVersion": "2010-09-09",
    "Description": "AWS SC consolidated reports spoke fdp-1qj82dtmm",
    "Outputs": {
        "ConsolidatedReportsUrl": {
            "Description": "Consolidated Reports URL",
            "Value": "__ApigwUrl__"
        }
    },
    "Parameters": {},
    "Resources": {
        "LambaScmgtapibridge": {
            "Properties": {
                "Code": {
                    "ZipFile": {
                        "Fn::Join": [
                            "\n",
                            [
                                "import json",
                                "import urllib3",
                                "import os",
                                "",
                                "http = urllib3.PoolManager()",
                                "",
                                "def post2api(event):",
                                "    _ret = []",
                                "    _headers = {'Content-type': 'application/json'}",
                                "    ApigwUrl = event['ApigwUrl']",
                                "    _data = json.dumps(event)",
                                "    try:",
                                "        r = http.request('POST',ApigwUrl,headers=_headers,body=_data)",
                                "    except Exception as e:",
                                "        print(str(e))",
                                "    return json.loads(r.data.decode('utf-8'))",
                                "    ",
                                "    ",
                                "def handler(event, context):",
                                "    # TODO implement",
                                "    print(json.dumps(event))",
                                "    event['ApigwUrl']   = os.environ['ApigwUrl'] ",
                                "    _html = post2api(event)",
                                "    return {",
                                "        'statusCode': 200,",
                                "        'body': _html",
                                "    }"
                            ]
                        ]
                    }
                },
                "Description": "send events from config to apigateway",
                "Environment": {
                    "Variables": {
                        "ApigwUrl": "__ApigwUrl__"
                    }
                },
                "Handler": "index.handler",
                "Role": {
                    "Fn::GetAtt": [
                        "RoleSCmgt",
                        "Arn"
                    ]
                },
                "Runtime": "python3.7",
                "Timeout": 240
            },
            "Type": "AWS::Lambda::Function"
        },
        "PermissionEventRulescmgtevent": {
            "Properties": {
                "Action": "lambda:InvokeFunction",
                "FunctionName": {
                    "Fn::Sub": "${LambaScmgtapibridge.Arn}"
                },
                "Principal": "events.amazonaws.com",
                "SourceArn": {
                    "Fn::GetAtt": [
                        "Rulescmgtevent",
                        "Arn"
                    ]
                }
            },
            "Type": "AWS::Lambda::Permission"
        },
        "RoleSCmgt": {
            "Properties": {
                "AssumeRolePolicyDocument": {
                    "Statement": [
                        {
                            "Action": "sts:AssumeRole",
                            "Effect": "Allow",
                            "Principal": {
                                "Service": "lambda.amazonaws.com"
                            }
                        }
                    ],
                    "Version": "2012-10-17"
                },
                "ManagedPolicyArns": [
                    "arn:aws:iam::aws:policy/service-role/AWSLambdaBasicExecutionRole"
                ],
                "Path": "/",
                "Policies": [
                    {
                        "PolicyDocument": {
                            "Statement": [
                                {
                                    "Action": [
                                        "logs:CreateLogStream",
                                        "logs:PutLogEvents"
                                    ],
                                    "Effect": "Allow",
                                    "Resource": [
                                        {
                                            "Fn::Sub": "arn:aws:logs:${AWS::Region}:${AWS::AccountId}:log-group:/aws/lambda/*:*"
                                        }
                                    ]
                                }
                            ]
                        },
                        "PolicyName": "LogStream"
                    }
                ]
            },
            "Type": "AWS::IAM::Role"
        },
        "Rulescmgtevent": {
            "Properties": {
                "Description": "Capture ServiceCatalog events",
                "EventPattern": {
                    "detail": {
                        "eventName": [
                            "TerminateProvisionedProduct",
                            "ProvisionProduct"
                        ],
                        "eventSource": [
                            "servicecatalog.amazonaws.com"
                        ]
                    },
                    "detail-type": [
                        "AWS API Call via CloudTrail"
                    ],
                    "source": [
                        "aws.servicecatalog"
                    ]
                },
                "Name": {
                    "Fn::Sub": "scmgtevent-spoke${AWS::StackName}"
                },
                "Targets": [
                    {
                        "Arn": {
                            "Fn::Sub": "${LambaScmgtapibridge.Arn}"
                        },
                        "Id": "IDscmgteventspoke"
                    }
                ]
            },
            "Type": "AWS::Events::Rule"
        }
    }
}