{
    "AWSTemplateFormatVersion": "2010-09-09",
    "Description": "VPC: public and private subnets in two availability zones",
    "Metadata": {
        "AWS::CloudFormation::Interface": {
            "ParameterGroups": [
                {
                    "Label": {
                        "default": "Region Configuration"
                    },
                    "Parameters": [
                        "RegionAZ1Name",
                        "RegionAZ2Name"
                    ]
                },
                {
                    "Label": {
                        "default": "VPC Configuration"
                    },
                    "Parameters": [
                        "VPCCIDR"
                    ]
                },
                {
                    "Label": {
                        "default": "Public Subnet Configuration"
                    },
                    "Parameters": [
                        "SubnetAPublicCIDR",
                        "SubnetBPublicCIDR"
                    ]
                },
                {
                    "Label": {
                        "default": "Private Subnet Configuration"
                    },
                    "Parameters": [
                        "SubnetAPrivateCIDR",
                        "SubnetBPrivateCIDR"
                    ]
                },
                {
                    "Label": {
                        "default": "Linux Bastion Host Configuration"
                    },
                    "Parameters": [
                        "CreateBastionInstance",
                        "BastionInstanceType",
                        "EC2KeyPair",
                        "BastionSSHCIDR"
                    ]
                },
                {
                    "Label": {
                        "default": "Tag Parameters"
                    },
                    "Parameters": [
                        "SCRADescriptionTag"
                    ]
                }
            ]
        }
    },
    "Parameters": {
        "RegionAZ1Name": {
            "Description": "Availability Zone 1 Name in Region",
            "Type": "AWS::EC2::AvailabilityZone::Name"
        },
        "RegionAZ2Name": {
            "Description": "Availability Zone 2 Name in Region",
            "Type": "AWS::EC2::AvailabilityZone::Name"
        },
        "VPCCIDR": {
            "Description": "CIDR block for the VPC",
            "Type": "String",
            "Default": "10.229.0.0/16",
            "ConstraintDescription": "CIDR block parameter must be in the form x.x.x.x/16-28",
            "AllowedPattern": "^(([0-9]|[1-9][0-9]|1[0-9]{2}|2[0-4][0-9]|25[0-5])\\.){3}([0-9]|[1-9][0-9]|1[0-9]{2}|2[0-4][0-9]|25[0-5])(\\/(1[6-9]|2[0-8]))$"
        },
        "SubnetAPublicCIDR": {
            "Description": "CIDR block for the public subnet in availability zone",
            "Type": "String",
            "Default": "10.229.10.0/24",
            "ConstraintDescription": "CIDR block parameter must be in the form x.x.x.x/16-28",
            "AllowedPattern": "^(([0-9]|[1-9][0-9]|1[0-9]{2}|2[0-4][0-9]|25[0-5])\\.){3}([0-9]|[1-9][0-9]|1[0-9]{2}|2[0-4][0-9]|25[0-5])(\\/(1[6-9]|2[0-8]))$"
        },
        "SubnetBPublicCIDR": {
            "Description": "CIDR block for the public subnet in availability zone",
            "Type": "String",
            "Default": "10.229.20.0/24",
            "ConstraintDescription": "CIDR block parameter must be in the form x.x.x.x/16-28",
            "AllowedPattern": "^(([0-9]|[1-9][0-9]|1[0-9]{2}|2[0-4][0-9]|25[0-5])\\.){3}([0-9]|[1-9][0-9]|1[0-9]{2}|2[0-4][0-9]|25[0-5])(\\/(1[6-9]|2[0-8]))$"
        },
        "SubnetAPrivateCIDR": {
            "Description": "CIDR block for the private subnet in availability zone",
            "Type": "String",
            "Default": "10.229.30.0/24",
            "ConstraintDescription": "CIDR block parameter must be in the form x.x.x.x/16-28",
            "AllowedPattern": "^(([0-9]|[1-9][0-9]|1[0-9]{2}|2[0-4][0-9]|25[0-5])\\.){3}([0-9]|[1-9][0-9]|1[0-9]{2}|2[0-4][0-9]|25[0-5])(\\/(1[6-9]|2[0-8]))$"
        },
        "SubnetBPrivateCIDR": {
            "Description": "CIDR block for the private subnet in availability zone",
            "Type": "String",
            "Default": "10.229.40.0/24",
            "ConstraintDescription": "CIDR block parameter must be in the form x.x.x.x/16-28",
            "AllowedPattern": "^(([0-9]|[1-9][0-9]|1[0-9]{2}|2[0-4][0-9]|25[0-5])\\.){3}([0-9]|[1-9][0-9]|1[0-9]{2}|2[0-4][0-9]|25[0-5])(\\/(1[6-9]|2[0-8]))$"
        },
        "CreateBastionInstance": {
            "Description": "Create a bastion instance inside the VPC",
            "Type": "String",
            "Default": false,
            "ConstraintDescription": "",
            "AllowedValues": [
                true,
                false
            ]
        },
        "BastionInstanceType": {
            "AllowedValues": [
                "t2.nano",
                "t2.micro",
                "t2.small",
                "t2.medium",
                "t2.large"
            ],
            "Default": "t2.micro",
            "Description": "Amazon EC2 instance as the bastion instance",
            "Type": "String"
        },
        "EC2KeyPair": {
            "Description": "Name of existing EC2 key pair for production hosts",
            "Type": "String"
        },
        "BastionSSHCIDR": {
            "Description": "CIDR block to allow access to bastion SSH",
            "Type": "String",
            "Default": "0.0.0.0/0"
        },
        "SCRADescriptionTag": {
            "Description": "Description for the tag to use components created",
            "Type": "String",
            "Default": "Service-Catalog-VPC-Reference-Architecture"
        }
    },
    "Conditions": {
        "CreateBastionResources": {
            "Fn::Equals": [
                {
                    "Ref": "CreateBastionInstance"
                },
                true
            ]
        },
        "HasKeyName": {
            "Fn::Not": [
                {
                    "Fn::Equals": [
                        "",
                        {
                            "Ref": "EC2KeyPair"
                        }
                    ]
                }
            ]
        }
    },
    "Mappings": {
        "AWSAMIRegionMap": {
            "AMI": {
                "AMZNLINUXHVM": "amzn-ami-hvm-2017.09.1.20180115-x86_64-gp2"
            },
            "ap-northeast-1": {
                "AMZNLINUXHVM": "ami-ceafcba8"
            },
            "ap-northeast-2": {
                "AMZNLINUXHVM": "ami-863090e8"
            },
            "ap-south-1": {
                "AMZNLINUXHVM": "ami-531a4c3c"
            },
            "ap-southeast-1": {
                "AMZNLINUXHVM": "ami-68097514"
            },
            "ap-southeast-2": {
                "AMZNLINUXHVM": "ami-942dd1f6"
            },
            "ca-central-1": {
                "AMZNLINUXHVM": "ami-a954d1cd"
            },
            "eu-central-1": {
                "AMZNLINUXHVM": "ami-5652ce39"
            },
            "eu-west-1": {
                "AMZNLINUXHVM": "ami-d834aba1"
            },
            "eu-west-2": {
                "AMZNLINUXHVM": "ami-403e2524"
            },
            "eu-west-3": {
                "AMZNLINUXHVM": "ami-8ee056f3"
            },
            "sa-east-1": {
                "AMZNLINUXHVM": "ami-84175ae8"
            },
            "us-east-1": {
                "AMZNLINUXHVM": "ami-97785bed"
            },
            "us-east-2": {
                "AMZNLINUXHVM": "ami-f63b1193"
            },
            "us-west-1": {
                "AMZNLINUXHVM": "ami-824c4ee2"
            },
            "us-west-2": {
                "AMZNLINUXHVM": "ami-f2d3638a"
            }
        }
    },
    "Resources": {
        "VPC": {
            "Type": "AWS::EC2::VPC",
            "Properties": {
                "CidrBlock": {
                    "Ref": "VPCCIDR"
                },
                "EnableDnsSupport": true,
                "EnableDnsHostnames": true,
                "InstanceTenancy": "default",
                "Tags": [
                    {
                        "Key": "Name",
                        "Value": {
                            "Ref": "VPCCIDR"
                        }
                    },
                    {
                        "Key": "Description",
                        "Value": {
                            "Ref": "SCRADescriptionTag"
                        }
                    }
                ]
            }
        },
        "InternetGateway": {
            "Type": "AWS::EC2::InternetGateway",
            "Properties": {
                "Tags": [
                    {
                        "Key": "Name",
                        "Value": {
                            "Ref": "VPCCIDR"
                        }
                    },
                    {
                        "Key": "Description",
                        "Value": {
                            "Ref": "SCRADescriptionTag"
                        }
                    }
                ]
            }
        },
        "VPCGatewayAttachment": {
            "Type": "AWS::EC2::VPCGatewayAttachment",
            "Properties": {
                "VpcId": {
                    "Ref": "VPC"
                },
                "InternetGatewayId": {
                    "Ref": "InternetGateway"
                }
            }
        },
        "SubnetAPublic": {
            "Type": "AWS::EC2::Subnet",
            "Properties": {
                "AvailabilityZone": {
                    "Ref": "RegionAZ1Name"
                },
                "CidrBlock": {
                    "Ref": "SubnetAPublicCIDR"
                },
                "MapPublicIpOnLaunch": true,
                "VpcId": {
                    "Ref": "VPC"
                },
                "Tags": [
                    {
                        "Key": "Name",
                        "Value": "A public - sc-vpc-ra"
                    },
                    {
                        "Key": "Reach",
                        "Value": "public"
                    },
                    {
                        "Key": "Description",
                        "Value": {
                            "Ref": "SCRADescriptionTag"
                        }
                    }
                ]
            }
        },
        "SubnetBPublic": {
            "Type": "AWS::EC2::Subnet",
            "Properties": {
                "AvailabilityZone": {
                    "Ref": "RegionAZ2Name"
                },
                "CidrBlock": {
                    "Ref": "SubnetBPublicCIDR"
                },
                "MapPublicIpOnLaunch": true,
                "VpcId": {
                    "Ref": "VPC"
                },
                "Tags": [
                    {
                        "Key": "Name",
                        "Value": "B public - sc-vpc-ra"
                    },
                    {
                        "Key": "Reach",
                        "Value": "public"
                    },
                    {
                        "Key": "Description",
                        "Value": {
                            "Ref": "SCRADescriptionTag"
                        }
                    }
                ]
            }
        },
        "SubnetAPrivate": {
            "Type": "AWS::EC2::Subnet",
            "Properties": {
                "AvailabilityZone": {
                    "Ref": "RegionAZ1Name"
                },
                "CidrBlock": {
                    "Ref": "SubnetAPrivateCIDR"
                },
                "VpcId": {
                    "Ref": "VPC"
                },
                "Tags": [
                    {
                        "Key": "Name",
                        "Value": "A private - sc-vpc-ra"
                    },
                    {
                        "Key": "Reach",
                        "Value": "private"
                    },
                    {
                        "Key": "Description",
                        "Value": {
                            "Ref": "SCRADescriptionTag"
                        }
                    }
                ]
            }
        },
        "SubnetBPrivate": {
            "Type": "AWS::EC2::Subnet",
            "Properties": {
                "AvailabilityZone": {
                    "Ref": "RegionAZ2Name"
                },
                "CidrBlock": {
                    "Ref": "SubnetBPrivateCIDR"
                },
                "VpcId": {
                    "Ref": "VPC"
                },
                "Tags": [
                    {
                        "Key": "Name",
                        "Value": "B private - sc-vpc-ra"
                    },
                    {
                        "Key": "Reach",
                        "Value": "private"
                    },
                    {
                        "Key": "Description",
                        "Value": {
                            "Ref": "SCRADescriptionTag"
                        }
                    }
                ]
            }
        },
        "RouteTableAPublic": {
            "Type": "AWS::EC2::RouteTable",
            "Properties": {
                "VpcId": {
                    "Ref": "VPC"
                },
                "Tags": [
                    {
                        "Key": "Name",
                        "Value": "A Public - sc-vpc-ra"
                    },
                    {
                        "Key": "Description",
                        "Value": {
                            "Ref": "SCRADescriptionTag"
                        }
                    }
                ]
            }
        },
        "RouteTableBPublic": {
            "Type": "AWS::EC2::RouteTable",
            "Properties": {
                "VpcId": {
                    "Ref": "VPC"
                },
                "Tags": [
                    {
                        "Key": "Name",
                        "Value": "B Public - sc-vpc-ra"
                    },
                    {
                        "Key": "Description",
                        "Value": {
                            "Ref": "SCRADescriptionTag"
                        }
                    }
                ]
            }
        },
        "RouteTableAPrivate": {
            "Type": "AWS::EC2::RouteTable",
            "Properties": {
                "VpcId": {
                    "Ref": "VPC"
                },
                "Tags": [
                    {
                        "Key": "Name",
                        "Value": "A Private - sc-vpc-ra"
                    },
                    {
                        "Key": "Description",
                        "Value": {
                            "Ref": "SCRADescriptionTag"
                        }
                    }
                ]
            }
        },
        "RouteTableBPrivate": {
            "Type": "AWS::EC2::RouteTable",
            "Properties": {
                "VpcId": {
                    "Ref": "VPC"
                },
                "Tags": [
                    {
                        "Key": "Name",
                        "Value": "B Private - sc-vpc-ra"
                    },
                    {
                        "Key": "Description",
                        "Value": {
                            "Ref": "SCRADescriptionTag"
                        }
                    }
                ]
            }
        },
        "RouteTableAssociationAPublic": {
            "Type": "AWS::EC2::SubnetRouteTableAssociation",
            "Properties": {
                "SubnetId": {
                    "Ref": "SubnetAPublic"
                },
                "RouteTableId": {
                    "Ref": "RouteTableAPublic"
                }
            }
        },
        "RouteTableAssociationBPublic": {
            "Type": "AWS::EC2::SubnetRouteTableAssociation",
            "Properties": {
                "SubnetId": {
                    "Ref": "SubnetBPublic"
                },
                "RouteTableId": {
                    "Ref": "RouteTableBPublic"
                }
            }
        },
        "RouteTableAssociationAPrivate": {
            "Type": "AWS::EC2::SubnetRouteTableAssociation",
            "Properties": {
                "SubnetId": {
                    "Ref": "SubnetAPrivate"
                },
                "RouteTableId": {
                    "Ref": "RouteTableAPrivate"
                }
            }
        },
        "RouteTableAssociationBPrivate": {
            "Type": "AWS::EC2::SubnetRouteTableAssociation",
            "Properties": {
                "SubnetId": {
                    "Ref": "SubnetBPrivate"
                },
                "RouteTableId": {
                    "Ref": "RouteTableBPrivate"
                }
            }
        },
        "RouteTablePublicAInternetRoute": {
            "Type": "AWS::EC2::Route",
            "DependsOn": "VPCGatewayAttachment",
            "Properties": {
                "RouteTableId": {
                    "Ref": "RouteTableAPublic"
                },
                "DestinationCidrBlock": "0.0.0.0/0",
                "GatewayId": {
                    "Ref": "InternetGateway"
                }
            }
        },
        "RouteTablePublicBInternetRoute": {
            "Type": "AWS::EC2::Route",
            "DependsOn": "VPCGatewayAttachment",
            "Properties": {
                "RouteTableId": {
                    "Ref": "RouteTableBPublic"
                },
                "DestinationCidrBlock": "0.0.0.0/0",
                "GatewayId": {
                    "Ref": "InternetGateway"
                }
            }
        },
        "NetworkAclPublic": {
            "Type": "AWS::EC2::NetworkAcl",
            "Properties": {
                "VpcId": {
                    "Ref": "VPC"
                },
                "Tags": [
                    {
                        "Key": "Name",
                        "Value": "Public - sc-vpc-ra"
                    },
                    {
                        "Key": "Description",
                        "Value": {
                            "Ref": "SCRADescriptionTag"
                        }
                    }
                ]
            }
        },
        "NetworkAclPrivate": {
            "Type": "AWS::EC2::NetworkAcl",
            "Properties": {
                "VpcId": {
                    "Ref": "VPC"
                },
                "Tags": [
                    {
                        "Key": "Name",
                        "Value": "Private - sc-vpc-ra"
                    },
                    {
                        "Key": "Description",
                        "Value": {
                            "Ref": "SCRADescriptionTag"
                        }
                    }
                ]
            }
        },
        "SubnetNetworkAclAssociationAPublic": {
            "Type": "AWS::EC2::SubnetNetworkAclAssociation",
            "Properties": {
                "SubnetId": {
                    "Ref": "SubnetAPublic"
                },
                "NetworkAclId": {
                    "Ref": "NetworkAclPublic"
                }
            }
        },
        "SubnetNetworkAclAssociationBPublic": {
            "Type": "AWS::EC2::SubnetNetworkAclAssociation",
            "Properties": {
                "SubnetId": {
                    "Ref": "SubnetBPublic"
                },
                "NetworkAclId": {
                    "Ref": "NetworkAclPublic"
                }
            }
        },
        "SubnetNetworkAclAssociationAPrivate": {
            "Type": "AWS::EC2::SubnetNetworkAclAssociation",
            "Properties": {
                "SubnetId": {
                    "Ref": "SubnetAPrivate"
                },
                "NetworkAclId": {
                    "Ref": "NetworkAclPrivate"
                }
            }
        },
        "SubnetNetworkAclAssociationBPrivate": {
            "Type": "AWS::EC2::SubnetNetworkAclAssociation",
            "Properties": {
                "SubnetId": {
                    "Ref": "SubnetBPrivate"
                },
                "NetworkAclId": {
                    "Ref": "NetworkAclPrivate"
                }
            }
        },
        "NetworkAclEntryInPublicAllowAll": {
            "Type": "AWS::EC2::NetworkAclEntry",
            "Properties": {
                "NetworkAclId": {
                    "Ref": "NetworkAclPublic"
                },
                "RuleNumber": 99,
                "Protocol": -1,
                "RuleAction": "allow",
                "Egress": false,
                "CidrBlock": "0.0.0.0/0"
            }
        },
        "NetworkAclEntryOutPublicAllowAll": {
            "Type": "AWS::EC2::NetworkAclEntry",
            "Properties": {
                "NetworkAclId": {
                    "Ref": "NetworkAclPublic"
                },
                "RuleNumber": 99,
                "Protocol": -1,
                "RuleAction": "allow",
                "Egress": true,
                "CidrBlock": "0.0.0.0/0"
            }
        },
        "NetworkAclEntryInPrivateAllowVPC": {
            "Type": "AWS::EC2::NetworkAclEntry",
            "Properties": {
                "NetworkAclId": {
                    "Ref": "NetworkAclPrivate"
                },
                "RuleNumber": 99,
                "Protocol": -1,
                "RuleAction": "allow",
                "Egress": false,
                "CidrBlock": "0.0.0.0/0"
            }
        },
        "NetworkAclEntryOutPrivateAllowVPC": {
            "Type": "AWS::EC2::NetworkAclEntry",
            "Properties": {
                "NetworkAclId": {
                    "Ref": "NetworkAclPrivate"
                },
                "RuleNumber": 99,
                "Protocol": -1,
                "RuleAction": "allow",
                "Egress": true,
                "CidrBlock": "0.0.0.0/0"
            }
        },
        "BastionSecurityGroup": {
            "Type": "AWS::EC2::SecurityGroup",
            "Condition": "CreateBastionResources",
            "Properties": {
                "GroupDescription": "Enables SSH Access to Bastion Hosts",
                "VpcId": {
                    "Ref": "VPC"
                },
                "SecurityGroupIngress": [
                    {
                        "IpProtocol": "tcp",
                        "FromPort": "22",
                        "ToPort": "22",
                        "CidrIp": {
                            "Ref": "BastionSSHCIDR"
                        }
                    },
                    {
                        "IpProtocol": "icmp",
                        "FromPort": "-1",
                        "ToPort": "-1",
                        "CidrIp": {
                            "Ref": "BastionSSHCIDR"
                        }
                    }
                ]
            }
        },
        "BastionEIP": {
            "Type": "AWS::EC2::EIP",
            "Condition": "CreateBastionResources",
            "Properties": {
                "Domain": "vpc",
                "InstanceId": {
                    "Ref": "BastionInstance"
                }
            }
        },
        "BastionInstance": {
            "Type": "AWS::EC2::Instance",
            "Condition": "CreateBastionResources",
            "Properties": {
                "ImageId": {
                    "Fn::FindInMap": [
                        "AWSAMIRegionMap",
                        {
                            "Ref": "AWS::Region"
                        },
                        "AMZNLINUXHVM"
                    ]
                },
                "InstanceType": {
                    "Ref": "BastionInstanceType"
                },
                "SubnetId": {
                    "Ref": "SubnetAPublic"
                },
                "SecurityGroupIds": [
                    {
                        "Ref": "BastionSecurityGroup"
                    }
                ],
                "KeyName": {
                    "Fn::If": [
                        "HasKeyName",
                        {
                            "Ref": "EC2KeyPair"
                        },
                        {
                            "Ref": "AWS::NoValue"
                        }
                    ]
                },
                "UserData": {
                    "Fn::Base64": {
                        "Fn::Sub": "#!/bin/bash -xe\nyum -y update\n"
                    }
                }
            }
        },
        "NATGatewayA": {
            "DependsOn": "VPCGatewayAttachment",
            "Type": "AWS::EC2::NatGateway",
            "Properties": {
                "AllocationId": {
                    "Fn::GetAtt": [
                        "NATGatewayAEIP",
                        "AllocationId"
                    ]
                },
                "SubnetId": {
                    "Ref": "SubnetAPublic"
                },
                "Tags": [
                    {
                        "Key": "Name",
                        "Value": "nat-gateway-Aside"
                    },
                    {
                        "Key": "Description",
                        "Value": {
                            "Ref": "SCRADescriptionTag"
                        }
                    }
                ]
            }
        },
        "NATGatewayAEIP": {
            "Type": "AWS::EC2::EIP",
            "Properties": {
                "Domain": "vpc"
            }
        },
        "NATGatewayARoute": {
            "Type": "AWS::EC2::Route",
            "Properties": {
                "RouteTableId": {
                    "Ref": "RouteTableAPrivate"
                },
                "DestinationCidrBlock": "0.0.0.0/0",
                "NatGatewayId": {
                    "Ref": "NATGatewayA"
                }
            }
        },
        "NATGatewayB": {
            "DependsOn": "VPCGatewayAttachment",
            "Type": "AWS::EC2::NatGateway",
            "Properties": {
                "AllocationId": {
                    "Fn::GetAtt": [
                        "NATGatewayBEIP",
                        "AllocationId"
                    ]
                },
                "SubnetId": {
                    "Ref": "SubnetBPublic"
                },
                "Tags": [
                    {
                        "Key": "Name",
                        "Value": "nat-gateway-Bside"
                    },
                    {
                        "Key": "Description",
                        "Value": {
                            "Ref": "SCRADescriptionTag"
                        }
                    }
                ]
            }
        },
        "NATGatewayBEIP": {
            "Type": "AWS::EC2::EIP",
            "Properties": {
                "Domain": "vpc"
            }
        },
        "NATGatewayBRoute": {
            "Type": "AWS::EC2::Route",
            "Properties": {
                "RouteTableId": {
                    "Ref": "RouteTableBPrivate"
                },
                "DestinationCidrBlock": "0.0.0.0/0",
                "NatGatewayId": {
                    "Ref": "NATGatewayB"
                }
            }
        }
    },
    "Outputs": {
        "TemplateID": {
            "Value": "service-catalog-reference-architectures/sc-vpc-ra"
        },
        "StackName": {
            "Value": {
                "Fn::Sub": "${AWS::StackName}"
            }
        },
        "AWSRegionName": {
            "Value": {
                "Ref": "AWS::Region"
            }
        },
        "RegionAZ1Name": {
            "Value": {
                "Ref": "RegionAZ1Name"
            }
        },
        "RegionAZ2Name": {
            "Value": {
                "Ref": "RegionAZ2Name"
            }
        },
        "VPCCIDR": {
            "Value": "VCPCIDR"
        },
        "SubnetAPublicCIDR": {
            "Value": {
                "Ref": "SubnetAPublicCIDR"
            }
        },
        "SubnetBPublicCIDR": {
            "Value": {
                "Ref": "SubnetBPublicCIDR"
            }
        },
        "SubnetAPrivateCIDR": {
            "Value": {
                "Ref": "SubnetAPrivateCIDR"
            }
        },
        "SubnetBPrivateCIDR": {
            "Value": {
                "Ref": "SubnetAPrivateCIDR"
            }
        },
        "InternetGatewayID": {
            "Value": {
                "Ref": "InternetGateway"
            }
        },
        "NATGatewayAID": {
            "Value": {
                "Ref": "NATGatewayA"
            }
        },
        "NATGatewayAEIP": {
            "Value": {
                "Ref": "NATGatewayAEIP"
            }
        },
        "NATGatewayBID": {
            "Value": {
                "Ref": "NATGatewayB"
            }
        },
        "NATGatewayBEIP": {
            "Value": {
                "Ref": "NATGatewayBEIP"
            }
        },
        "RouteTableAPublic": {
            "Value": {
                "Ref": "RouteTableAPublic"
            }
        },
        "RouteTableBPublic": {
            "Value": {
                "Ref": "RouteTableBPublic"
            }
        },
        "RouteTableAPrivate": {
            "Value": {
                "Ref": "RouteTableAPrivate"
            }
        },
        "RouteTableBPrivate": {
            "Value": {
                "Ref": "RouteTableBPrivate"
            }
        },
        "NetworkAclPublic": {
            "Value": {
                "Ref": "NetworkAclPublic"
            }
        },
        "NetworkAclPrivate": {
            "Value": {
                "Ref": "NetworkAclPrivate"
            }
        },
        "CreateBastionInstance": {
            "Value": {
                "Ref": "BastionInstance"
            },
            "Condition": "CreateBastionResources"
        },
        "BastionEIP": {
            "Value": {
                "Ref": "BastionEIP"
            },
            "Condition": "CreateBastionResources"
        },
        "BastionInstanceType": {
            "Value": {
                "Ref": "BastionInstanceType"
            },
            "Condition": "CreateBastionResources"
        },
        "BastionSecurityGroupID": {
            "Value": {
                "Ref": "BastionSecurityGroup"
            },
            "Condition": "CreateBastionResources"
        },
        "EC2KeyPair": {
            "Value": {
                "Fn::If": [
                    "HasKeyName",
                    {
                        "Ref": "EC2KeyPair"
                    },
                    {
                        "Ref": "AWS::NoValue"
                    }
                ]
            },
            "Condition": "CreateBastionResources"
        },
        "BastionSSHCIDR": {
            "Value": {
                "Ref": "BastionSSHCIDR"
            },
            "Condition": "CreateBastionResources"
        },
        "SCRADescriptionTag": {
            "Value": {
                "Ref": "SCRADescriptionTag"
            }
        }
    }
}