{
    "AWSTemplateFormatVersion": "2010-09-09",
    "Description": "SCpolly (fdp-3423f)",
    "Outputs":
    {
        "InputFolder":
        {
            "Description": "Upload folders with text here",
            "Value":
            {
                "Fn::GetAtt":
                [
                    "LambdaPollyRun",
                    "inputfolder"
                ]
            }

        },
        "Outputlink":
        {
            "Description": "Link to MP3",
            "Value":
            {
                "Fn::GetAtt":
                [
                    "LambdaPollyRun",
                    "outlink"
                ]
            }
        },
        "Jobstatus":
        {
            "Description": "EC2 instance name",
            "Value":
            {
                "Fn::GetAtt":
                [
                    "LambdaPollyRun",
                    "emailmessage"
                ]
            }
        }

    },
    "Parameters":
    {
        "InputFolder":
        {
            "AllowedValues":
            [
                "default"
            ],
            "Description": "Which folder should I process ",
            "Type": "String"
        },
        "YourEmail":
        {
    
            "Description": "Which email should I send the results to",
            "Type": "String"
        }
    },
    "Resources":
    {
        "LambdaPollyRun":
        {
            "Properties":
            {
                "ServiceToken": "LambdaPolly_arn",
                "action": "polly",
                "inputfolder":
                {
                    "Ref": "InputFolder"
                },
                "toemail":
                {
                    "Ref": "YourEmail"
                }
                
            },
            "Type": "Custom::LambdaPollyRun"
        }
    }
}