{
    "AWSTemplateFormatVersion": "2010-09-09",
    "Description": "AWS SC polly",
    "Outputs":
    {
        "InputFolder":
        {
            "Description": "Upload folders with text here",
            "Value":
            {
                "Fn::Sub": "https://us-east-1.console.aws.amazon.com/s3/buckets/${StorageBucket}?region=${AWS::Region}&prefix=content/scpolly/inputs/&showversions=false"
            }
        },
        "SwitchRoleSCEndUserRole":
        {
            "Value":
            {
                "Fn::Join":
                [
                    "",
                    [
                        {
                            "Fn::Sub": "https://signin.aws.amazon.com/switchrole?account=${AWS::AccountId}&roleName="
                        },
                        {
                            "Fn::Select":
                            [
                                1,
                                {
                                    "Fn::Split":
                                    [
                                        "/",
                                        {
                                            "Fn::GetAtt":
                                            [
                                                "SCEndUserRole",
                                                "Arn"
                                            ]
                                        }
                                    ]
                                }
                            ]
                        },
                        "&displayName=ServiceCatalogEndUser"
                    ]
                ]
            }
        }
    },
    "Parameters":
    {
        "SourceBucket":
        {
            "Description": "bucket with config content",
            "Type": "String"
        }
    },
    "Resources":
    {
        "LambdaPolly":
        {
            "DependsOn":
            [
                "StorageRun"
            ],
            "Properties":
            {
                "Code":
                {
                    "S3Bucket":
                    {
                        "Ref": "StorageBucket"
                    },
                    "S3Key":
                    {
                        "Fn::Sub": "content/scpolly/l_sc_s3_polly.zip"
                    }
                },
                "Description": "s3_mgt",
                "Environment":
                {
                    "Variables":
                    {
                        "S3bucket":
                        {
                            "Ref": "StorageBucket"
                        },
                        "prefix": "content/scpolly/",
                        "scproductname": "SCPolly"
                    }
                },
                "Handler": "lambda_function.lambda_handler",
                "MemorySize": 2048,
                "Role":
                {
                    "Fn::GetAtt":
                    [
                        "RolePolly",
                        "Arn"
                    ]
                },
                "Runtime": "python3.9",
                "Timeout": 240
            },
            "Type": "AWS::Lambda::Function"
        },
        "LambdaPollyRun":
        {
            "DependsOn": "StorageRun",
            "Properties":
            {
                "ServiceToken":
                {
                    "Fn::GetAtt":
                    [
                        "LambdaPolly",
                        "Arn"
                    ]
                },
                "action": "new"
            },
            "Type": "Custom::LambdaPollyRun"
        },
        "LaunchConstraintPolly":
        {
            "DependsOn":
            [
                "PollyPortfolio",
                "SCpolly",
                "LaunchRolepolly",
                "SCpollyAssociate"
            ],
            "Properties":
            {
                "AcceptLanguage": "en",
                "Description": "pollyLaunchConstraint",
                "PortfolioId":
                {
                    "Ref": "PollyPortfolio"
                },
                "ProductId":
                {
                    "Ref": "SCpolly"
                },
                "RoleArn":
                {
                    "Fn::GetAtt":
                    [
                        "LaunchRolepolly",
                        "Arn"
                    ]
                }
            },
            "Type": "AWS::ServiceCatalog::LaunchRoleConstraint"
        },
        "LaunchRolepolly":
        {
            "DependsOn":
            [
                "StorageBucket"
            ],
            "Properties":
            {
                "AssumeRolePolicyDocument":
                {
                    "Statement":
                    [
                        {
                            "Action":
                            [
                                "sts:AssumeRole"
                            ],
                            "Effect": "Allow",
                            "Principal":
                            {
                                "Service":
                                [
                                    "servicecatalog.amazonaws.com"
                                ]
                            }
                        }
                    ],
                    "Version": "2012-10-17"
                },
                "ManagedPolicyArns":
                [
                    "arn:aws:iam::aws:policy/AmazonEC2FullAccess",
                    "arn:aws:iam::aws:policy/AmazonPollyFullAccess",
                    "arn:aws:iam::aws:policy/service-role/AWSLambdaBasicExecutionRole",
                    "arn:aws:iam::aws:policy/AmazonSESFullAccess",
                    "arn:aws:iam::aws:policy/AWSServiceCatalogEndUserFullAccess"
                ],
                "Path": "/",
                "Policies":
                [
                    {
                        "PolicyDocument":
                        {
                            "Statement":
                            [
                                {
                                    "Action":
                                    [
                                        "s3:GetObject"
                                    ],
                                    "Effect": "Allow",
                                    "Resource": "*"
                                }
                            ],
                            "Version": "2012-10-17"
                        },
                        "PolicyName": "S3getscstackinfo"
                    },
                    {
                        "PolicyDocument":
                        {
                            "Statement":
                            [
                                {
                                    "Action":
                                    [
                                        "lambda:InvokeFunction"
                                    ],
                                    "Effect": "Allow",
                                    "Resource":
                                    {
                                        "Fn::Sub": "arn:aws:lambda:${AWS::Region}:${AWS::AccountId}:function:${LambdaPolly}"
                                    }
                                },
                                {
                                    "Action":
                                    [
                                        "s3:GetObject"
                                    ],
                                    "Effect": "Allow",
                                    "Resource": "*"
                                },
                                {
                                    "Action":
                                    [
                                        "s3:PutObject",
                                        "s3:DeleteObject",
                                        "s3:DeleteObjectTagging",
                                        "s3:DeleteObjectVersion",
                                        "s3:DeleteObjectVersionTagging",
                                        "s3:Get*",
                                        "s3:List*"
                                    ],
                                    "Effect": "Allow",
                                    "Resource":
                                    [
                                        {
                                            "Fn::Sub": "arn:aws:s3:::${StorageBucket}/*"
                                        },
                                        {
                                            "Fn::Sub": "arn:aws:s3:::${StorageBucket}"
                                        }
                                    ]
                                }
                            ],
                            "Version": "2012-10-17"
                        },
                        "PolicyName": "S3LaunchPolicy"
                    }
                ]
            },
            "Type": "AWS::IAM::Role"
        },
        "PollyPortfolio":
        {
            "Properties":
            {
                "AcceptLanguage": "en",
                "Description": "AWS MP SCPolly Portfolio",
                "DisplayName": "SCPolly",
                "ProviderName": "AWS MP"
            },
            "Type": "AWS::ServiceCatalog::Portfolio"
        },
        "PollyPortfolioPrincipalAssociation":
        {
            "Properties":
            {
                "AcceptLanguage": "en",
                "PortfolioId":
                {
                    "Ref": "PollyPortfolio"
                },
                "PrincipalARN":
                {
                    "Fn::GetAtt":
                    [
                        "SCEndUserRole",
                        "Arn"
                    ]
                },
                "PrincipalType": "IAM"
            },
            "Type": "AWS::ServiceCatalog::PortfolioPrincipalAssociation"
        },
        "RolePolly":
        {
            "DependsOn":
            [
                "StorageBucket"
            ],
            "Properties":
            {
                "AssumeRolePolicyDocument":
                {
                    "Statement":
                    [
                        {
                            "Action": "sts:AssumeRole",
                            "Effect": "Allow",
                            "Principal":
                            {
                                "Service": "lambda.amazonaws.com"
                            }
                        }
                    ],
                    "Version": "2012-10-17"
                },
                "ManagedPolicyArns":
                [
                    "arn:aws:iam::aws:policy/service-role/AWSLambdaBasicExecutionRole",
                    "arn:aws:iam::aws:policy/AmazonPollyFullAccess",
                    "arn:aws:iam::aws:policy/AmazonSESFullAccess",
                    "arn:aws:iam::aws:policy/AWSServiceCatalogAdminFullAccess"
                ],
                "Path": "/",
                "Policies":
                [
                    {
                        "PolicyDocument":
                        {
                            "Statement":
                            [
                                {
                                    "Action":
                                    [
                                        "s3:PutObject",
                                        "s3:DeleteObject",
                                        "s3:DeleteObjectTagging",
                                        "s3:DeleteObjectVersion",
                                        "s3:DeleteObjectVersionTagging",
                                        "s3:Get*",
                                        "s3:List*"
                                    ],
                                    "Effect": "Allow",
                                    "Resource":
                                    [
                                        {
                                            "Fn::Sub": "arn:aws:s3:::${StorageBucket}/*"
                                        },
                                        {
                                            "Fn::Sub": "arn:aws:s3:::${StorageBucket}"
                                        }
                                    ]
                                }
                            ]
                        },
                        "PolicyName": "scpolly"
                    }
                ]
            },
            "Type": "AWS::IAM::Role"
        },
        "SCEndUserRole":
        {
            "Properties":
            {
                "AssumeRolePolicyDocument":
                {
                    "Statement":
                    [
                        {
                            "Action": "sts:AssumeRole",
                            "Effect": "Allow",
                            "Principal":
                            {
                                "AWS":
                                {
                                    "Fn::Sub": "${AWS::AccountId}"
                                }
                            },
                            "Sid": ""
                        }
                    ],
                    "Version": "2012-10-17"
                },
                "ManagedPolicyArns":
                [
                    "arn:aws:iam::aws:policy/AWSServiceCatalogEndUserFullAccess",
                    "arn:aws:iam::aws:policy/AmazonEC2ReadOnlyAccess"
                ],
                "Policies":
                [
                    {
                        "PolicyDocument":
                        {
                            "Statement":
                            [
                                {
                                    "Action":
                                    [
                                        "servicecatalog:ListServiceActionsForProvisioningArtifact",
                                        "servicecatalog:ExecuteprovisionedProductServiceAction",
                                        "ssm:DescribeDocument",
                                        "ssm:GetAutomationExecution",
                                        "ssm:StartAutomationExecution",
                                        "ssm:StopAutomationExecution",
                                        "cloudformation:ListStackResources"
                                    ],
                                    "Effect": "Allow",
                                    "Resource": "*",
                                    "Sid": "S3LaunchPolicySID"
                                },
                                {
                                    "Action":
                                    [
                                        "s3:PutObject",
                                        "s3:DeleteObject",
                                        "s3:DeleteObjectTagging",
                                        "s3:DeleteObjectVersion",
                                        "s3:DeleteObjectVersionTagging",
                                        "s3:Get*",
                                        "s3:List*"
                                    ],
                                    "Effect": "Allow",
                                    "Resource":
                                    [
                                        {
                                            "Fn::Sub": "arn:aws:s3:::${StorageBucket}/*"
                                        },
                                        {
                                            "Fn::Sub": "arn:aws:s3:::${StorageBucket}"
                                        }
                                    ]
                                }
                            ],
                            "Version": "2012-10-17"
                        },
                        "PolicyName": "ServiceActionsPolicy"
                    }
                ]
            },
            "Type": "AWS::IAM::Role"
        },
        "SCpolly":
        {
            "DependsOn": "LambdaPollyRun",
            "Properties":
            {
                "AcceptLanguage": "en",
                "Description": "Service Catalog Polly",
                "Distributor": "AWS MP Team",
                "Name": "SCPolly",
                "Owner": "MP Team",
                "ProvisioningArtifactParameters":
                [
                    {
                        "Description": "V1",
                        "Info":
                        {
                            "LoadTemplateFromURL":
                            {
                                "Fn::GetAtt":
                                [
                                    "LambdaPollyRun",
                                    "loadtemplatefromurl"
                                ]
                            }
                        },
                        "Name": "V1"
                    }
                ],
                "SupportDescription": "Support Description",
                "SupportEmail": "awsmp@example.com",
                "SupportUrl": "https://support.com"
            },
            "Type": "AWS::ServiceCatalog::CloudFormationProduct"
        },
        "SCpollyAssociate":
        {
            "DependsOn":
            [
                "PollyPortfolio",
                "SCpolly"
            ],
            "Properties":
            {
                "AcceptLanguage": "en",
                "PortfolioId":
                {
                    "Ref": "PollyPortfolio"
                },
                "ProductId":
                {
                    "Ref": "SCpolly"
                }
            },
            "Type": "AWS::ServiceCatalog::PortfolioProductAssociation"
        },
        "StorageBucket":
        {
            "Properties":
            {
                "BucketEncryption":
                {
                    "ServerSideEncryptionConfiguration":
                    [
                        {
                            "ServerSideEncryptionByDefault":
                            {
                                "SSEAlgorithm": "AES256"
                            }
                        }
                    ]
                },
                "VersioningConfiguration":
                {
                    "Status": "Enabled"
                }
            },
            "Type": "AWS::S3::Bucket"
        },
        "StorageBucketPolicy":
        {
            "Properties":
            {
                "Bucket":
                {
                    "Ref": "StorageBucket"
                },
                "PolicyDocument":
                {
                    "Id": "ExamplePolicy",
                    "Statement":
                    [
                        {
                            "Action": "s3:*",
                            "Condition":
                            {
                                "Bool":
                                {
                                    "aws:SecureTransport": "false"
                                }
                            },
                            "Effect": "Deny",
                            "Principal": "*",
                            "Resource":
                            [
                                {
                                    "Fn::Sub": "arn:aws:s3:::${StorageBucket}/*"
                                },
                                {
                                    "Fn::Sub": "arn:aws:s3:::${StorageBucket}"
                                }
                            ],
                            "Sid": "AllowSSLRequestsOnly"
                        }
                    ],
                    "Version": "2012-10-17"
                }
            },
            "Type": "AWS::S3::BucketPolicy"
        },
        "StorageFunction":
        {
            "Properties":
            {
                "Code":
                {
                    "ZipFile": "import json\nimport logging\nimport threading\nimport boto3\nimport cfnresponse\n\n\n\ndef copy_objects(source_bucket, dest_bucket, prefix, objects):\n    s3 = boto3.client('s3')\n    for o in objects:\n        key = prefix + o\n        copy_source = {\n            'Bucket': source_bucket,\n            'Key': key\n        }\n        print('copy_source: %s' % copy_source)\n        print('dest_bucket = %s'%dest_bucket)\n        print('key = %s' %key)\n        s3.copy_object(CopySource=copy_source, Bucket=dest_bucket,\n              Key=key)\n\n    \ndef timeout(event, context):\n    logging.error('Execution is about to time out, sending failure response to CloudFormation')\n    cfnresponse.send(event, context, cfnresponse.FAILED, {}, None)\n\ndef romanscorch(bucket):\n  \n    s3_client = boto3.client('s3')\n    object_response_paginator = s3_client.get_paginator('list_object_versions')\n    \n    delete_marker_list = []\n    version_list = []\n    \n    for object_response_itr in object_response_paginator.paginate(Bucket=bucket):\n        if 'DeleteMarkers' in object_response_itr:\n            for delete_marker in object_response_itr['DeleteMarkers']:\n                delete_marker_list.append({'Key': delete_marker['Key'], 'VersionId': delete_marker['VersionId']})\n    \n        if 'Versions' in object_response_itr:\n            for version in object_response_itr['Versions']:\n                version_list.append({'Key': version['Key'], 'VersionId': version['VersionId']})\n    \n    for i in range(0, len(delete_marker_list), 1000):\n        response = s3_client.delete_objects(\n            Bucket=bucket,\n            Delete={\n                'Objects': delete_marker_list[i:i+1000],\n                'Quiet': True\n            }\n        )\n        print(response)\n    \n    for i in range(0, len(version_list), 1000):\n        response = s3_client.delete_objects(\n            Bucket=bucket,\n            Delete={\n                'Objects': version_list[i:i+1000],\n                'Quiet': True\n            }\n        )\n        print(response)\n        \n\ndef handler(event, context):\n    print(json.dumps(event))\n    _ret = {}\n    timer = threading.Timer((context.get_remaining_time_in_millis()\n              / 1000.00) - 0.5, timeout, args=[event, context])\n    timer.start()\n    status = cfnresponse.SUCCESS\n\n    \n    try:\n        source_bucket = event['ResourceProperties']['SourceBucket']\n        dest_bucket = event['ResourceProperties']['DestBucket']\n        prefix = event['ResourceProperties']['Prefix']\n        objects = event['ResourceProperties']['Objects']\n        if event['RequestType'] == 'Delete':\n\n            romanscorch(event['ResourceProperties']['DestBucket'])\n        else:\n            copy_objects(source_bucket, dest_bucket, prefix, objects)\n    except Exception as e:\n        logging.error('Exception: %s' % e, exc_info=True)\n        status = cfnresponse.FAILED\n    finally:\n        timer.cancel()\n        cfnresponse.send(event, context, status, {}, None)\n        return _ret"
                },
                "Description": "Copies objects from a source S3 bucket to a destination",
                "Handler": "index.handler",
                "Role":
                {
                    "Fn::GetAtt":
                    [
                        "StorageRole",
                        "Arn"
                    ]
                },
                "Runtime": "python3.6",
                "Timeout": 240
            },
            "Type": "AWS::Lambda::Function"
        },
        "StorageRole":
        {
            "Properties":
            {
                "AssumeRolePolicyDocument":
                {
                    "Statement":
                    [
                        {
                            "Action": "sts:AssumeRole",
                            "Effect": "Allow",
                            "Principal":
                            {
                                "Service": "lambda.amazonaws.com"
                            }
                        }
                    ],
                    "Version": "2012-10-17"
                },
                "ManagedPolicyArns":
                [
                    "arn:aws:iam::aws:policy/service-role/AWSLambdaBasicExecutionRole"
                ],
                "Path": "/",
                "Policies":
                [
                    {
                        "PolicyDocument":
                        {
                            "Statement":
                            [
                                {
                                    "Action":
                                    [
                                        "s3:GetObject"
                                    ],
                                    "Effect": "Allow",
                                    "Resource":
                                    [
                                        {
                                            "Fn::Sub": "arn:aws:s3:::${SourceBucket}/*"
                                        }
                                    ]
                                },
                                {
                                    "Action":
                                    [
                                        "s3:PutObject",
                                        "s3:DeleteObject",
                                        "s3:DeleteObjectTagging",
                                        "s3:DeleteObjectVersion",
                                        "s3:DeleteObjectVersionTagging",
                                        "s3:Get*",
                                        "s3:List*"
                                    ],
                                    "Effect": "Allow",
                                    "Resource":
                                    [
                                        {
                                            "Fn::Sub": "arn:aws:s3:::${StorageBucket}/*"
                                        },
                                        {
                                            "Fn::Sub": "arn:aws:s3:::${StorageBucket}"
                                        }
                                    ]
                                }
                            ],
                            "Version": "2012-10-17"
                        },
                        "PolicyName": "copy-s3-s3"
                    }
                ]
            },
            "Type": "AWS::IAM::Role"
        },
        "StorageRun":
        {
            "Properties":
            {
                "DestBucket":
                {
                    "Ref": "StorageBucket"
                },
                "Objects":
                [
                    "l_sc_s3_polly.zip",
                    "sc_product_polly.json",
                    "inputs/leadership-principles/DiveDeep.txt",
                    "inputs/leadership-principles/StrivetobeEarthsBestEmployer.txt",
                    "inputs/leadership-principles/DeliverResults.txt",
                    "inputs/leadership-principles/ThinkBig.txt",
                    "inputs/leadership-principles/InsistontheHighestStandards.txt",
                    "inputs/leadership-principles/SuccessandScaleBringBroadResponsibility.txt",
                    "inputs/leadership-principles/HaveBackbone;DisagreeandCommit.txt",
                    "inputs/leadership-principles/InventandSimplify.txt",
                    "inputs/leadership-principles/AreRightALot.txt",
                    "inputs/leadership-principles/LearnandBeCurious.txt",
                    "inputs/leadership-principles/BiasforAction.txt",
                    "inputs/leadership-principles/EarnTrust.txt",
                    "inputs/leadership-principles/Frugality.txt",
                    "inputs/leadership-principles/Ownership.txt",
                    "inputs/leadership-principles/HireandDeveloptheBest.txt",
                    "scpolly_setup.json",
                    "src/polly.png",
                    "src/table.css",
                    "src/scpollyweb.png",
                    "src/servicecatalog.png"
                ],
                "Prefix": "content/scpolly/",
                "ServiceToken":
                {
                    "Fn::GetAtt":
                    [
                        "StorageFunction",
                        "Arn"
                    ]
                },
                "SourceBucket":
                {
                    "Ref": "SourceBucket"
                }
            },
            "Type": "Custom::StorageRun"
        }
    }
}