{
   "AWSTemplateFormatVersion": "2010-09-09",
   "Description": "Service Catalog MSP comprehend product fdp-1r56d8b08",
   "Outputs": {
   "report": {
         "Description": "message",
         "Value": {
            "Fn::GetAtt": [
               "sccomprehendrun",
               "report"
            ]
         }
      }, 
    "message": {
         "Description": "message",
         "Value": {
            "Fn::GetAtt": [
               "sccomprehendrun",
               "Message"
            ]
         }
      }},
   "Parameters": {
      "InputText": {

         "Description": "Select an input file, update to update the list",
         "Type": "String"
      }
      ,
      "Email": {

         "Description": "Enter email address for the report",
         "Type": "String",
         "Default":"your-email@yyy.com"
      }
   },
   "Resources": {
         "sccomprehendrun": {
         "Properties": {
            "prefix": "content/scmspcomprehend/",
            "ServiceToken":  "{{resolve:ssm:/sccomprehend/SCcomprehend:1}}",
            "action": "comprehend",
            "sc_productname": "SCcomprehend",
            "bucket": "{{resolve:ssm:/sccomprehend/CopyZipsBucket:1}}",
            "InputText": {
               "Ref": "InputText"
            },
            "etoemail":{
               "Ref": "Email"
            }
         },
         "Type": "Custom::sccomprehendrun"
      }
    }
} 
 