{
   "AWSTemplateFormatVersion": "2010-09-09",
   "Description": "Service Catalog MSP comprehend Setup",
   "Outputs": {
      "ComprehendProduct": {
         "Description": " Location for InputText",
         "Value": {
            "Fn::Sub": "https://${AWS::Region}.console.aws.amazon.com/servicecatalog/home?isSceuc=false&region=${AWS::Region}#products/${SCproductCTcomprehend}"
         }
      },
      "InputTextFolder": {
         "Description": " Location for InputText",
         "Value": {
            "Fn::Sub": "https://console.aws.amazon.com/s3/buckets/${CopyZipsBucket}?region=${AWS::Region}&prefix=content/scmspcomprehend/text_input/&showversions=false"
         }
      },
      "Message": {
         "Description": "message",
         "Value": {
            "Fn::GetAtt": [
               "LambdacomprehendRun",
               "Message"
            ]
         }
      }
   },
   "Parameters": {
      "SCenduserRole": {
         "Default": "user/your-user",
         "Description": "Witch Group,Role or user [type/name] will have access to the add config item SC product",
         "Type": "String"
      },
      "SourceBucket": {
         "Default": "your-bucket",
         "Description": "Sourcebucket",
         "Type": "String"
      }
   },
   "Resources": {
      "CTSCmspPortfolio": {
         "DependsOn": "CopyZipsRun",
         "Properties": {
            "AcceptLanguage": "en",
            "Description": "AWS MP Sample CT ManageServiceProvider portfolio",
            "DisplayName": "SC CT ManageServiceProvider",
            "ProviderName": "AWS MP"
         },
         "Type": "AWS::ServiceCatalog::Portfolio"
      },
      "CopyZipsBucket": {
            "Properties": {
                "BucketEncryption": {
                    "ServerSideEncryptionConfiguration": [
                        {
                            "ServerSideEncryptionByDefault": {
                                "SSEAlgorithm": "AES256"
                            }
                        }
                    ]
                },
                "VersioningConfiguration": {
                    "Status": "Enabled"
                }
            },
            "Type": "AWS::S3::Bucket"
        },
        "CopyZipsBucketPolicy": {
            "Properties": {
                "Bucket": {
                    "Ref": "CopyZipsBucket"
                },
                "PolicyDocument": {
                    "Id": "ExamplePolicy",
                    "Statement": [
                        {
                            "Action": "s3:*",
                            "Condition": {
                                "Bool": {
                                    "aws:SecureTransport": "false"
                                }
                            },
                            "Effect": "Deny",
                            "Principal": "*",
                            "Resource": [
                                {
                                    "Fn::Sub": "arn:aws:s3:::${CopyZipsBucket}/*"
                                },
                                {
                                    "Fn::Sub": "arn:aws:s3:::${CopyZipsBucket}"
                                }
                            ],
                            "Sid": "AllowSSLRequestsOnly"
                        }
                    ],
                    "Version": "2012-10-17"
                }
            },
            "Type": "AWS::S3::BucketPolicy"
        },
        "CopyZipsFunction": {
            "Properties": {
                "Code": {
                    "ZipFile": "import json\nimport logging\nimport threading\nimport boto3\nimport cfnresponse\n\n\n\ndef copy_objects(source_bucket, dest_bucket, prefix, objects):\n    s3 = boto3.client('s3')\n    for o in objects:\n        key = prefix + o\n        copy_source = {\n            'Bucket': source_bucket,\n            'Key': key\n        }\n        print('copy_source: %s' % copy_source)\n        print('dest_bucket = %s'%dest_bucket)\n        print('key = %s' %key)\n        s3.copy_object(CopySource=copy_source, Bucket=dest_bucket,\n              Key=key)\n\n    \ndef timeout(event, context):\n    logging.error('Execution is about to time out, sending failure response to CloudFormation')\n    cfnresponse.send(event, context, cfnresponse.FAILED, {}, None)\n\ndef romanscorch(bucket):\n  \n    s3_client = boto3.client('s3')\n    object_response_paginator = s3_client.get_paginator('list_object_versions')\n    \n    delete_marker_list = []\n    version_list = []\n    \n    for object_response_itr in object_response_paginator.paginate(Bucket=bucket):\n        if 'DeleteMarkers' in object_response_itr:\n            for delete_marker in object_response_itr['DeleteMarkers']:\n                delete_marker_list.append({'Key': delete_marker['Key'], 'VersionId': delete_marker['VersionId']})\n    \n        if 'Versions' in object_response_itr:\n            for version in object_response_itr['Versions']:\n                version_list.append({'Key': version['Key'], 'VersionId': version['VersionId']})\n    \n    for i in range(0, len(delete_marker_list), 1000):\n        response = s3_client.delete_objects(\n            Bucket=bucket,\n            Delete={\n                'Objects': delete_marker_list[i:i+1000],\n                'Quiet': True\n            }\n        )\n        print(response)\n    \n    for i in range(0, len(version_list), 1000):\n        response = s3_client.delete_objects(\n            Bucket=bucket,\n            Delete={\n                'Objects': version_list[i:i+1000],\n                'Quiet': True\n            }\n        )\n        print(response)\n        \n\ndef handler(event, context):\n    print(json.dumps(event))\n    _ret = {}\n    timer = threading.Timer((context.get_remaining_time_in_millis()\n              / 1000.00) - 0.5, timeout, args=[event, context])\n    timer.start()\n    status = cfnresponse.SUCCESS\n\n    \n    try:\n        source_bucket = event['ResourceProperties']['SourceBucket']\n        dest_bucket = event['ResourceProperties']['DestBucket']\n        prefix = event['ResourceProperties']['Prefix']\n        objects = event['ResourceProperties']['Objects']\n        if event['RequestType'] == 'Delete':\n\n            romanscorch(event['ResourceProperties']['DestBucket'])\n        else:\n            copy_objects(source_bucket, dest_bucket, prefix, objects)\n    except Exception as e:\n        logging.error('Exception: %s' % e, exc_info=True)\n        status = cfnresponse.FAILED\n    finally:\n        timer.cancel()\n        cfnresponse.send(event, context, status, {}, None)\n        return _ret"
                },
                "Description": "Copies objects from a source S3 bucket to a destination",
                "Handler": "index.handler",
                "Role": {
                    "Fn::GetAtt": [
                        "CopyZipsRole",
                        "Arn"
                    ]
                },
                "Runtime": "python3.6",
                "Timeout": 240
            },
            "Type": "AWS::Lambda::Function"
        },
        "CopyZipsRole": {
            "Properties": {
                "AssumeRolePolicyDocument": {
                    "Statement": [
                        {
                            "Action": "sts:AssumeRole",
                            "Effect": "Allow",
                            "Principal": {
                                "Service": "lambda.amazonaws.com"
                            }
                        }
                    ],
                    "Version": "2012-10-17"
                },
                "ManagedPolicyArns": [
                    "arn:aws:iam::aws:policy/service-role/AWSLambdaBasicExecutionRole"
                ],
                "Path": "/",
                "Policies": [
                    {
                        "PolicyDocument": {
                            "Statement": [
                                {
                                    "Action": [
                                        "s3:GetObject"
                                    ],
                                    "Effect": "Allow",
                                    "Resource": [
                                        {
                                            "Fn::Sub": "arn:aws:s3:::${SourceBucket}/*"
                                        }
                                    ]
                                },
                                {
                                    "Action": [
                                        "s3:PutObject",
                                        "s3:DeleteObject",
                                        "s3:DeleteObjectTagging",
                                        "s3:DeleteObjectVersion",
                                        "s3:DeleteObjectVersionTagging",
                                        "s3:Get*",
                                        "s3:List*"
                                    ],
                                    "Effect": "Allow",
                                    "Resource": [
                                        {
                                            "Fn::Sub": "arn:aws:s3:::${CopyZipsBucket}/*"
                                        },
                                        {
                                            "Fn::Sub": "arn:aws:s3:::${CopyZipsBucket}"
                                        }
                                    ]
                                }
                            ],
                            "Version": "2012-10-17"
                        },
                        "PolicyName": "copy-s3-s3"
                    }
                ]
            },
            "Type": "AWS::IAM::Role"
        },
      "CopyZipsRun": {
         "Properties": {
            "DestBucket": {
               "Ref": "CopyZipsBucket"
            },
            "Objects": [
               "l_comprehend.zip",
               "sc_comprehend.json",
               "text_input/Blog_code_example.txt",
               "sc_comprehend_product.json",
               "config/base_graph.html",
               "text_output/assets/script/canvasjs.min.js"
            ],
            "Prefix": "content/scmspcomprehend/",
            "ServiceToken": {
               "Fn::GetAtt": [
                  "CopyZipsFunction",
                  "Arn"
               ]
            },
            "SourceBucket": {
               "Ref": "SourceBucket"
            }
         },
         "Type": "Custom::CopyZipsRun"
      },
      "Lambdacomprehend": {
         "DependsOn": "CopyZipsRun",
         "Properties": {
            "Code": {
               "S3Bucket": {
                  "Ref": "CopyZipsBucket"
               },
               "S3Key": {
                  "Fn::Sub": "content/scmspcomprehend/l_comprehend.zip"
               }
            },
            "Description": "Query CT config DB",
            "Handler": "lambda_function.lambda_handler",
            "Role": {
               "Fn::GetAtt": [
                  "LcomprehendRole",
                  "Arn"
               ]
            },
            "Runtime": "python3.7",
            "Timeout": 300
         },
         "Type": "AWS::Lambda::Function"
      },
      "LambdacomprehendRun": {
         "DependsOn": "CopyZipsRun",
         "Properties": {
            "InputText": "nada",
            "ServiceToken": {
               "Fn::GetAtt": [
                  "Lambdacomprehend",
                  "Arn"
               ]
            },
            "action": "setup",
            "bucket": {
               "Ref": "CopyZipsBucket"
            },
            "prefix": "content/scmspcomprehend/",
            "sc_productname": "SCcomprehend"
         },
         "Type": "Custom::CopyZipsRun"
      },
      "LcomprehendRole": {
         "Properties": {
            "AssumeRolePolicyDocument": {
               "Statement": [
                  {
                     "Action": "sts:AssumeRole",
                     "Effect": "Allow",
                     "Principal": {
                        "Service": "lambda.amazonaws.com"
                     }
                  }
               ],
               "Version": "2012-10-17"
            },
            "ManagedPolicyArns": [
               "arn:aws:iam::aws:policy/service-role/AWSLambdaBasicExecutionRole",
               "arn:aws:iam::aws:policy/ComprehendFullAccess",
               "arn:aws:iam::aws:policy/AWSServiceCatalogAdminFullAccess",
               "arn:aws:iam::aws:policy/AmazonSESFullAccess"
            ],
            "Path": "/",
            "Policies": [
               {
                  "PolicyDocument": {
                     "Statement": [
                        {
                           "Action": [
                              "s3:GetObject"
                           ],
                           "Effect": "Allow",
                           "Resource": [
                              {
                                 "Fn::Sub": "arn:aws:s3:::${SourceBucket}/*"
                              }
                           ]
                        },
                        {
                           "Action": [
                              "s3:PutObject",
                              "s3:PutObjectAcl",
                              "s3:DeleteObject",
                              "s3:Get*",
                              "s3:List*"
                           ],
                           "Effect": "Allow",
                           "Resource": [
                              {
                                 "Fn::Sub": "arn:aws:s3:::${CopyZipsBucket}/*"
                              },
                              {
                                 "Fn::Sub": "arn:aws:s3:::${CopyZipsBucket}"
                              }
                           ]
                        }
                     ],
                     "Version": "2012-10-17"
                  },
                  "PolicyName": "copy-s3-s3"
               }
            ]
         },
         "Type": "AWS::IAM::Role"
      },
      "ParCopyZipsBucket": {
         "Properties": {
            "Description": "comprehend LambdaZipsBucket",
            "Name": "/sccomprehend/CopyZipsBucket",
            "Type": "String",
            "Value": {
               "Ref": "CopyZipsBucket"
            }
         },
         "Type": "AWS::SSM::Parameter"
      },
      "ParSCcomprehend": {
         "Properties": {
            "Description": "SCcomprehend function arn",
            "Name": "/sccomprehend/SCcomprehend",
            "Type": "String",
            "Value": {
               "Fn::GetAtt": [
                  "Lambdacomprehend",
                  "Arn"
               ]
            }
         },
         "Type": "AWS::SSM::Parameter"
      },
      "ParSCcomprehendRole": {
         "Properties": {
            "Description": "ParSCcomprehendRole",
            "Name": "/sccomprehend/SCcomprehendRole",
            "Type": "String",
            "Value": {
               "Fn::GetAtt": [
                  "LcomprehendRole",
                  "Arn"
               ]
            }
         },
         "Type": "AWS::SSM::Parameter"
      },
      "PortfolioAssocEnduserRole": {
         "Properties": {
            "PortfolioId": {
               "Ref": "CTSCmspPortfolio"
            },
            "PrincipalARN": {
               "Fn::Sub": "arn:aws:iam::${AWS::AccountId}:${SCenduserRole}"
            },
            "PrincipalType": "IAM"
         },
         "Type": "AWS::ServiceCatalog::PortfolioPrincipalAssociation"
      },
      "ProdAssociateCTcomprehend": {
         "DependsOn": [
            "CTSCmspPortfolio",
            "SCproductCTcomprehend"
         ],
         "Properties": {
            "AcceptLanguage": "en",
            "PortfolioId": {
               "Ref": "CTSCmspPortfolio"
            },
            "ProductId": {
               "Ref": "SCproductCTcomprehend"
            }
         },
         "Type": "AWS::ServiceCatalog::PortfolioProductAssociation"
      },
      "SCproductCTcomprehend": {
         "DependsOn": "CopyZipsRun",
         "Properties": {
            "AcceptLanguage": "en",
            "Description": "SCproduct Comprehend ",
            "Distributor": "AWS MP Team",
            "Name": "SCcomprehend",
            "Owner": "MP Team",
            "ProvisioningArtifactParameters": [
               {
                  "Description": "v1.0",
                  "Info": {
                     "LoadTemplateFromURL": {
                        "Fn::GetAtt": [
                           "LambdacomprehendRun",
                           "scproduct"
                        ]
                     }
                  },
                  "Name": "v1.0"
               }
            ],
            "SupportDescription": "Support Description",
            "SupportEmail": "awsmp@example.com",
            "SupportUrl": "https://support.com"
         },
         "Type": "AWS::ServiceCatalog::CloudFormationProduct"
      }
   }
}